Player ID,Stolen Bases (SB),Caught Stealing (CS),Stolen Bases Percentage,Year,Team
brocklo01,0,0,0.0,1961,Cubs
brocklo01,16,7,0.696,1962,Cubs
brocklo01,24,12,0.667,1963,Cubs
brocklo01,10,3,0.769,1964,Cubs
brocklo01,33,15,0.688,1964,Cardinals
brocklo01,63,27,0.7,1965,Cardinals
brocklo01,74,18,0.804,1966,Cardinals
brocklo01,52,18,0.743,1967,Cardinals
brocklo01,62,12,0.838,1968,Cardinals
brocklo01,53,14,0.791,1969,Cardinals
brocklo01,51,15,0.773,1970,Cardinals
brocklo01,64,19,0.771,1971,Cardinals
brocklo01,63,18,0.778,1972,Cardinals
brocklo01,70,20,0.778,1973,Cardinals
brocklo01,118,33,0.781,1974,Cardinals
brocklo01,56,16,0.778,1975,Cardinals
brocklo01,56,19,0.747,1976,Cardinals
brocklo01,35,24,0.593,1977,Cardinals
brocklo01,17,5,0.773,1978,Cardinals
brocklo01,21,12,0.636,1979,Cardinals
hoydu01,82,0,0.0,1888,Senators
hoydu01,35,0,0.0,1889,Senators
hoydu01,39,0,0.0,1890,Bisons
hoydu01,59,0,0.0,1891,Browns
hoydu01,60,0,0.0,1892,Senators
hoydu01,48,0,0.0,1893,Senators
hoydu01,27,0,0.0,1894,Reds
hoydu01,50,0,0.0,1895,Reds
hoydu01,50,0,0.0,1896,Reds
hoydu01,37,0,0.0,1897,Reds
hoydu01,37,0,0.0,1898,Colonels
hoydu01,32,0,0.0,1899,Colonels
hoydu01,27,0,0.0,1901,White Sox
hoydu01,11,0,0.0,1902,Reds
anderjo01,7,0,0.0,1894,Bridegrooms
anderjo01,24,0,0.0,1895,Bridegrooms
anderjo01,37,0,0.0,1896,Bridegrooms
anderjo01,29,0,0.0,1897,Bridegrooms
anderjo01,2,0,0.0,1898,Bridegrooms
anderjo01,18,0,0.0,1898,Senators
anderjo01,25,0,0.0,1899,Superbas
anderjo01,35,0,0.0,1901,Brewers
anderjo01,15,0,0.0,1902,Browns
anderjo01,16,0,0.0,1903,Browns
anderjo01,20,0,0.0,1904,Highlanders
anderjo01,9,0,0.0,1905,Highlanders
anderjo01,22,0,0.0,1905,Senators
anderjo01,39,0,0.0,1906,Senators
anderjo01,19,0,0.0,1907,Senators
anderjo01,21,0,0.0,1908,White Sox
stirnsn01,11,9,0.55,1943,Yankees
stirnsn01,55,11,0.833,1944,Yankees
stirnsn01,33,17,0.66,1945,Yankees
stirnsn01,18,6,0.75,1946,Yankees
stirnsn01,5,3,0.625,1947,Yankees
stirnsn01,5,4,0.556,1948,Yankees
stirnsn01,3,2,0.6,1949,Yankees
stirnsn01,0,0,0.0,1950,Yankees
stirnsn01,3,3,0.5,1950,Browns
stirnsn01,1,0,1.0,1951,Indians
stirnsn01,0,0,0.0,1952,Indians
huntebr02,2,1,0.667,1994,Astros
huntebr02,24,7,0.774,1995,Astros
huntebr02,35,9,0.795,1996,Astros
huntebr02,74,18,0.804,1997,Tigers
huntebr02,42,12,0.778,1998,Tigers
huntebr02,0,3,0.0,1999,Tigers
huntebr02,44,5,0.898,1999,Mariners
huntebr02,15,3,0.833,2000,Rockies
huntebr02,5,0,1.0,2000,Reds
huntebr02,14,3,0.824,2001,Phillies
huntebr02,5,0,1.0,2002,Astros
huntebr02,0,0,0.0,2003,Astros
ricesa01,0,0,0.0,1915,Senators
ricesa01,4,0,1.0,1916,Senators
ricesa01,35,0,0.0,1917,Senators
ricesa01,1,0,0.0,1918,Senators
ricesa01,26,0,0.0,1919,Senators
ricesa01,63,30,0.677,1920,Senators
ricesa01,26,12,0.684,1921,Senators
ricesa01,20,9,0.69,1922,Senators
ricesa01,20,8,0.714,1923,Senators
ricesa01,24,13,0.649,1924,Senators
ricesa01,26,11,0.703,1925,Senators
ricesa01,24,23,0.511,1926,Senators
ricesa01,19,6,0.76,1927,Senators
ricesa01,16,3,0.842,1928,Senators
ricesa01,16,8,0.667,1929,Senators
ricesa01,13,8,0.619,1930,Senators
ricesa01,6,5,0.545,1931,Senators
ricesa01,7,4,0.636,1932,Senators
ricesa01,0,2,0.0,1933,Senators
ricesa01,5,1,0.833,1934,Indians
soriaal01,0,1,0.0,1999,Yankees
soriaal01,2,0,1.0,2000,Yankees
soriaal01,43,14,0.754,2001,Yankees
soriaal01,41,13,0.759,2002,Yankees
soriaal01,35,8,0.814,2003,Yankees
soriaal01,18,5,0.783,2004,Rangers
soriaal01,30,2,0.938,2005,Rangers
soriaal01,41,17,0.707,2006,Nationals
soriaal01,19,6,0.76,2007,Cubs
soriaal01,19,3,0.864,2008,Cubs
soriaal01,9,2,0.818,2009,Cubs
soriaal01,5,1,0.833,2010,Cubs
soriaal01,2,1,0.667,2011,Cubs
soriaal01,6,2,0.75,2012,Cubs
soriaal01,10,5,0.667,2013,Cubs
soriaal01,8,4,0.667,2013,Yankees
soriaal01,1,0,1.0,2014,Yankees
vaughar01,10,10,0.5,1932,Pirates
vaughar01,3,11,0.214,1933,Pirates
vaughar01,10,4,0.714,1934,Pirates
vaughar01,4,7,0.364,1935,Pirates
vaughar01,6,9,0.4,1936,Pirates
vaughar01,7,8,0.467,1937,Pirates
vaughar01,14,8,0.636,1938,Pirates
vaughar01,12,5,0.706,1939,Pirates
vaughar01,12,10,0.545,1940,Pirates
vaughar01,8,3,0.727,1941,Pirates
vaughar01,8,2,0.8,1942,Dodgers
vaughar01,20,11,0.645,1943,Dodgers
vaughar01,4,1,0.8,1947,Dodgers
vaughar01,0,1,0.0,1948,Dodgers
colemvi01,110,25,0.815,1985,Cardinals
colemvi01,107,14,0.884,1986,Cardinals
colemvi01,109,22,0.832,1987,Cardinals
colemvi01,81,27,0.75,1988,Cardinals
colemvi01,65,10,0.867,1989,Cardinals
colemvi01,77,17,0.819,1990,Cardinals
colemvi01,37,14,0.725,1991,Mets
colemvi01,24,9,0.727,1992,Mets
colemvi01,38,13,0.745,1993,Mets
colemvi01,50,8,0.862,1994,Royals
colemvi01,26,9,0.743,1995,Royals
colemvi01,16,7,0.696,1995,Mariners
colemvi01,12,2,0.857,1996,Reds
colemvi01,0,0,0.0,1997,Tigers
loftoke01,2,1,0.667,1991,Astros
loftoke01,66,12,0.846,1992,Indians
loftoke01,70,14,0.833,1993,Indians
loftoke01,60,12,0.833,1994,Indians
loftoke01,54,15,0.783,1995,Indians
loftoke01,75,17,0.815,1996,Indians
loftoke01,27,20,0.574,1997,Braves
loftoke01,54,10,0.844,1998,Indians
loftoke01,25,6,0.806,1999,Indians
loftoke01,30,7,0.811,2000,Indians
loftoke01,16,8,0.667,2001,Indians
loftoke01,22,8,0.733,2002,White Sox
loftoke01,7,3,0.7,2002,Giants
loftoke01,18,5,0.783,2003,Pirates
loftoke01,12,4,0.75,2003,Cubs
loftoke01,7,3,0.7,2004,Yankees
loftoke01,22,3,0.88,2005,Phillies
loftoke01,32,5,0.865,2006,Dodgers
loftoke01,21,4,0.84,2007,Rangers
loftoke01,2,3,0.4,2007,Indians
galanau01,4,1,0.8,1934,Cubs
galanau01,22,15,0.595,1935,Cubs
galanau01,16,12,0.571,1936,Cubs
galanau01,23,19,0.548,1937,Cubs
galanau01,8,6,0.571,1938,Cubs
galanau01,8,4,0.667,1939,Cubs
galanau01,9,2,0.818,1940,Cubs
galanau01,0,0,0.0,1941,Cubs
galanau01,0,0,0.0,1941,Dodgers
galanau01,2,8,0.2,1942,Dodgers
galanau01,6,12,0.333,1943,Dodgers
galanau01,4,6,0.4,1944,Dodgers
galanau01,13,14,0.481,1945,Dodgers
galanau01,8,2,0.8,1946,Dodgers
galanau01,0,1,0.0,1947,Reds
galanau01,0,2,0.0,1948,Reds
galanau01,0,0,0.0,1949,Giants
galanau01,0,0,0.0,1949,Athletics
hartsto01,2,0,0.0,1898,Colonels
hartsto01,1,0,0.0,1899,Colonels
hartsto01,7,0,0.0,1900,Reds
hartsto01,41,0,0.0,1901,Orphans
hartsto01,47,0,0.0,1902,Athletics
hartsto01,13,0,0.0,1903,Athletics
hartsto01,19,0,0.0,1904,Athletics
hartsto01,37,0,0.0,1905,Athletics
hartsto01,31,0,0.0,1906,Athletics
hartsto01,20,0,0.0,1907,Athletics
hartsto01,15,0,0.0,1908,Athletics
hartsto01,3,0,0.0,1909,Athletics
hartsto01,11,0,0.0,1910,Athletics
hartsto01,0,0,0.0,1911,Athletics
hackst01,5,3,0.625,1932,Cubs
hackst01,4,1,0.8,1933,Cubs
hackst01,11,7,0.611,1934,Cubs
hackst01,14,7,0.667,1935,Cubs
hackst01,17,18,0.486,1936,Cubs
hackst01,16,19,0.457,1937,Cubs
hackst01,16,25,0.39,1938,Cubs
hackst01,17,18,0.486,1939,Cubs
hackst01,21,22,0.488,1940,Cubs
hackst01,10,8,0.556,1941,Cubs
hackst01,9,4,0.692,1942,Cubs
hackst01,5,6,0.455,1943,Cubs
hackst01,5,9,0.357,1944,Cubs
hackst01,12,6,0.667,1945,Cubs
hackst01,3,6,0.333,1946,Cubs
hackst01,0,4,0.0,1947,Cubs
bayha01,4,0,0.0,1901,Reds
bayha01,0,0,0.0,1902,Reds
bayha01,22,0,0.0,1902,Blues
bayha01,45,0,0.0,1903,Blues
bayha01,38,0,0.0,1904,Blues
bayha01,36,0,0.0,1905,Naps
bayha01,17,0,0.0,1906,Naps
bayha01,7,0,0.0,1907,Naps
bayha01,0,0,0.0,1908,Naps
harpeto01,1,0,1.0,1962,Reds
harpeto01,12,1,0.923,1963,Reds
harpeto01,24,3,0.889,1964,Reds
harpeto01,35,6,0.854,1965,Reds
harpeto01,29,10,0.744,1966,Reds
harpeto01,23,8,0.742,1967,Reds
harpeto01,11,7,0.611,1968,Indians
harpeto01,73,18,0.802,1969,Pilots
harpeto01,38,16,0.704,1970,Brewers
harpeto01,25,3,0.893,1971,Brewers
harpeto01,25,7,0.781,1972,Red Sox
harpeto01,54,14,0.794,1973,Red Sox
harpeto01,28,12,0.7,1974,Red Sox
harpeto01,19,8,0.704,1975,Angels
harpeto01,7,0,1.0,1975,Athletics
harpeto01,4,3,0.571,1976,Orioles
campabe01,10,2,0.833,1964,Athletics
campabe01,51,19,0.729,1965,Athletics
campabe01,52,10,0.839,1966,Athletics
campabe01,55,16,0.775,1967,Athletics
campabe01,62,22,0.738,1968,Athletics
campabe01,62,8,0.886,1969,Athletics
campabe01,42,10,0.808,1970,Athletics
campabe01,34,7,0.829,1971,Athletics
campabe01,52,14,0.788,1972,Athletics
campabe01,34,10,0.773,1973,Athletics
campabe01,34,15,0.694,1974,Athletics
campabe01,24,12,0.667,1975,Athletics
campabe01,54,12,0.818,1976,Athletics
campabe01,27,20,0.574,1977,Rangers
campabe01,22,4,0.846,1978,Rangers
campabe01,1,0,1.0,1979,Rangers
campabe01,12,4,0.75,1979,Angels
campabe01,10,5,0.667,1980,Angels
campabe01,5,2,0.714,1981,Angels
campabe01,6,7,0.462,1983,Yankees
sheckji01,5,0,0.0,1897,Bridegrooms
sheckji01,8,0,0.0,1898,Bridegrooms
sheckji01,77,0,0.0,1899,Orioles
sheckji01,30,0,0.0,1900,Superbas
sheckji01,35,0,0.0,1901,Superbas
sheckji01,2,0,0.0,1902,Orioles
sheckji01,23,0,0.0,1902,Superbas
sheckji01,67,0,0.0,1903,Superbas
sheckji01,21,0,0.0,1904,Superbas
sheckji01,23,0,0.0,1905,Superbas
sheckji01,30,0,0.0,1906,Cubs
sheckji01,31,0,0.0,1907,Cubs
sheckji01,18,0,0.0,1908,Cubs
sheckji01,15,0,0.0,1909,Cubs
sheckji01,22,0,0.0,1910,Cubs
sheckji01,32,0,0.0,1911,Cubs
sheckji01,15,0,0.0,1912,Cubs
sheckji01,5,0,0.0,1913,Cardinals
sheckji01,6,0,0.0,1913,Reds
grissma02,1,0,1.0,1989,Expos
grissma02,22,2,0.917,1990,Expos
grissma02,76,17,0.817,1991,Expos
grissma02,78,13,0.857,1992,Expos
grissma02,53,10,0.841,1993,Expos
grissma02,36,6,0.857,1994,Expos
grissma02,29,9,0.763,1995,Braves
grissma02,28,11,0.718,1996,Braves
grissma02,22,13,0.629,1997,Indians
grissma02,13,8,0.619,1998,Brewers
grissma02,24,6,0.8,1999,Brewers
grissma02,20,10,0.667,2000,Brewers
grissma02,7,5,0.583,2001,Dodgers
grissma02,5,1,0.833,2002,Dodgers
grissma02,11,3,0.786,2003,Giants
grissma02,3,1,0.75,2004,Giants
grissma02,1,1,0.5,2005,Giants
henderi01,33,11,0.75,1979,Athletics
henderi01,100,26,0.794,1980,Athletics
henderi01,56,22,0.718,1981,Athletics
henderi01,130,42,0.756,1982,Athletics
henderi01,108,19,0.85,1983,Athletics
henderi01,66,18,0.786,1984,Athletics
henderi01,80,10,0.889,1985,Yankees
henderi01,87,18,0.829,1986,Yankees
henderi01,41,8,0.837,1987,Yankees
henderi01,93,13,0.877,1988,Yankees
henderi01,25,8,0.758,1989,Yankees
henderi01,52,6,0.897,1989,Athletics
henderi01,65,10,0.867,1990,Athletics
henderi01,58,18,0.763,1991,Athletics
henderi01,48,11,0.814,1992,Athletics
henderi01,31,6,0.838,1993,Athletics
henderi01,22,2,0.917,1993,Blue Jays
henderi01,22,7,0.759,1994,Athletics
henderi01,32,10,0.762,1995,Athletics
henderi01,37,15,0.712,1996,Padres
henderi01,29,4,0.879,1997,Padres
henderi01,16,4,0.8,1997,Angels
henderi01,66,13,0.835,1998,Athletics
henderi01,37,14,0.725,1999,Mets
henderi01,5,2,0.714,2000,Mets
henderi01,31,9,0.775,2000,Mariners
henderi01,25,7,0.781,2001,Padres
henderi01,8,2,0.8,2002,Red Sox
henderi01,3,0,1.0,2003,Dodgers
troutmi01,4,0,1.0,2011,Angels
troutmi01,49,5,0.907,2012,Angels
troutmi01,33,7,0.825,2013,Angels
troutmi01,16,2,0.889,2014,Angels
troutmi01,11,7,0.611,2015,Angels
troutmi01,30,7,0.811,2016,Angels
troutmi01,22,4,0.846,2017,Angels
troutmi01,24,2,0.923,2018,Angels
troutmi01,11,2,0.846,2019,Angels
troutmi01,1,1,0.5,2020,Angels
troutmi01,2,0,1.0,2021,Angels
troutmi01,1,0,1.0,2022,Angels
troutmi01,2,0,1.0,2023,Angels
troutmi01,6,1,0.857,2024,Angels
troutmi01,2,0,1.0,2025,Angels
damonjo01,7,0,1.0,1995,Royals
damonjo01,25,5,0.833,1996,Royals
damonjo01,16,10,0.615,1997,Royals
damonjo01,26,12,0.684,1998,Royals
damonjo01,36,6,0.857,1999,Royals
damonjo01,46,9,0.836,2000,Royals
damonjo01,27,12,0.692,2001,Athletics
damonjo01,31,6,0.838,2002,Red Sox
damonjo01,30,6,0.833,2003,Red Sox
damonjo01,19,8,0.704,2004,Red Sox
damonjo01,18,1,0.947,2005,Red Sox
damonjo01,25,10,0.714,2006,Yankees
damonjo01,27,3,0.9,2007,Yankees
damonjo01,29,8,0.784,2008,Yankees
damonjo01,12,0,1.0,2009,Yankees
damonjo01,11,1,0.917,2010,Tigers
damonjo01,19,6,0.76,2011,Rays
damonjo01,4,0,1.0,2012,Indians
cabaljo01,26,3,0.897,2023,Mariners
cabaljo01,44,16,0.733,2024,Rays
cabaljo01,34,8,0.81,2025,Rays
cabaljo01,15,3,0.833,2025,Yankees
chapmbe01,14,6,0.7,1930,Yankees
chapmbe01,61,23,0.726,1931,Yankees
chapmbe01,38,18,0.679,1932,Yankees
chapmbe01,27,18,0.6,1933,Yankees
chapmbe01,26,16,0.619,1934,Yankees
chapmbe01,17,10,0.63,1935,Yankees
chapmbe01,1,2,0.333,1936,Yankees
chapmbe01,19,7,0.731,1936,Senators
chapmbe01,8,0,1.0,1937,Senators
chapmbe01,27,12,0.692,1937,Red Sox
chapmbe01,13,6,0.684,1938,Red Sox
chapmbe01,18,6,0.75,1939,Indians
chapmbe01,13,7,0.65,1940,Indians
chapmbe01,2,2,0.5,1941,Senators
chapmbe01,2,2,0.5,1941,White Sox
chapmbe01,1,0,1.0,1944,Dodgers
chapmbe01,0,0,0.0,1945,Dodgers
chapmbe01,0,0,0.0,1945,Phillies
chapmbe01,0,0,0.0,1946,Phillies
aparilu01,21,4,0.84,1956,White Sox
aparilu01,28,8,0.778,1957,White Sox
aparilu01,29,6,0.829,1958,White Sox
aparilu01,56,13,0.812,1959,White Sox
aparilu01,51,8,0.864,1960,White Sox
aparilu01,53,13,0.803,1961,White Sox
aparilu01,31,12,0.721,1962,White Sox
aparilu01,40,6,0.87,1963,Orioles
aparilu01,57,17,0.77,1964,Orioles
aparilu01,26,7,0.788,1965,Orioles
aparilu01,25,11,0.694,1966,Orioles
aparilu01,18,5,0.783,1967,Orioles
aparilu01,17,11,0.607,1968,White Sox
aparilu01,24,4,0.857,1969,White Sox
aparilu01,8,3,0.727,1970,White Sox
aparilu01,6,4,0.6,1971,Red Sox
aparilu01,3,3,0.5,1972,Red Sox
aparilu01,13,1,0.929,1973,Red Sox
gordode01,24,7,0.774,2011,Dodgers
gordode01,32,10,0.762,2012,Dodgers
gordode01,10,2,0.833,2013,Dodgers
gordode01,64,19,0.771,2014,Dodgers
gordode01,58,20,0.744,2015,Marlins
gordode01,30,7,0.811,2016,Marlins
gordode01,60,16,0.789,2017,Marlins
gordode01,30,12,0.714,2018,Mariners
gordode01,22,5,0.815,2019,Mariners
gordode01,3,2,0.6,2020,Mariners
gordode01,3,2,0.6,2022,Nationals
mondera02,0,0,0.0,2015,Royals
mondera02,9,1,0.9,2016,Royals
mondera02,5,2,0.714,2017,Royals
mondera02,32,7,0.821,2018,Royals
mondera02,43,7,0.86,2019,Royals
mondera02,24,8,0.75,2020,Royals
mondera02,15,1,0.938,2021,Royals
mondera02,5,0,1.0,2022,Royals
crawfca02,9,5,0.643,2002,Devil Rays
crawfca02,55,10,0.846,2003,Devil Rays
crawfca02,59,15,0.797,2004,Devil Rays
crawfca02,46,8,0.852,2005,Devil Rays
crawfca02,58,9,0.866,2006,Devil Rays
crawfca02,50,10,0.833,2007,Devil Rays
crawfca02,25,7,0.781,2008,Rays
crawfca02,60,16,0.789,2009,Rays
crawfca02,47,10,0.825,2010,Rays
crawfca02,18,6,0.75,2011,Red Sox
crawfca02,5,0,1.0,2012,Red Sox
crawfca02,15,4,0.789,2013,Dodgers
crawfca02,23,6,0.793,2014,Dodgers
crawfca02,10,2,0.833,2015,Dodgers
crawfca02,0,1,0.0,2016,Dodgers
otisam01,0,4,0.0,1967,Mets
otisam01,1,0,1.0,1969,Mets
otisam01,33,2,0.943,1970,Royals
otisam01,52,8,0.867,1971,Royals
otisam01,28,12,0.7,1972,Royals
otisam01,13,9,0.591,1973,Royals
otisam01,18,5,0.783,1974,Royals
otisam01,39,11,0.78,1975,Royals
otisam01,26,7,0.788,1976,Royals
otisam01,23,7,0.767,1977,Royals
otisam01,32,8,0.8,1978,Royals
otisam01,30,5,0.857,1979,Royals
otisam01,16,1,0.941,1980,Royals
otisam01,16,7,0.696,1981,Royals
otisam01,9,5,0.643,1982,Royals
otisam01,5,2,0.714,1983,Royals
otisam01,0,0,0.0,1984,Pirates
chancfr01,7,0,0.0,1898,Orphans
chancfr01,10,0,0.0,1899,Orphans
chancfr01,8,0,0.0,1900,Orphans
chancfr01,27,0,0.0,1901,Orphans
chancfr01,27,0,0.0,1902,Cubs
chancfr01,67,0,0.0,1903,Cubs
chancfr01,42,0,0.0,1904,Cubs
chancfr01,38,0,0.0,1905,Cubs
chancfr01,57,0,0.0,1906,Cubs
chancfr01,35,0,0.0,1907,Cubs
chancfr01,27,0,0.0,1908,Cubs
chancfr01,29,0,0.0,1909,Cubs
chancfr01,16,0,0.0,1910,Cubs
chancfr01,9,0,0.0,1911,Cubs
chancfr01,1,0,0.0,1912,Cubs
chancfr01,1,0,0.0,1913,Yankees
chancfr01,0,0,0.0,1914,Yankees
werbebi01,0,0,0.0,1930,Yankees
werbebi01,0,0,0.0,1933,Yankees
werbebi01,15,5,0.75,1933,Red Sox
werbebi01,40,15,0.727,1934,Red Sox
werbebi01,29,7,0.806,1935,Red Sox
werbebi01,23,13,0.639,1936,Red Sox
werbebi01,35,13,0.729,1937,Athletics
werbebi01,19,15,0.559,1938,Athletics
werbebi01,15,8,0.652,1939,Reds
werbebi01,16,9,0.64,1940,Reds
werbebi01,14,4,0.778,1941,Reds
werbebi01,9,6,0.6,1942,Giants
northbi01,1,1,0.5,1971,Cubs
northbi01,6,0,1.0,1972,Cubs
northbi01,53,20,0.726,1973,Athletics
northbi01,54,26,0.675,1974,Athletics
northbi01,30,12,0.714,1975,Athletics
northbi01,75,29,0.721,1976,Athletics
northbi01,17,13,0.567,1977,Athletics
northbi01,3,2,0.6,1978,Athletics
northbi01,27,8,0.771,1978,Dodgers
northbi01,58,24,0.707,1979,Giants
northbi01,45,19,0.703,1980,Giants
northbi01,26,8,0.765,1981,Giants
jenseja01,4,0,1.0,1950,Yankees
jenseja01,8,2,0.8,1951,Yankees
jenseja01,1,0,1.0,1952,Yankees
jenseja01,17,6,0.739,1952,Senators
jenseja01,18,8,0.692,1953,Senators
jenseja01,22,7,0.759,1954,Red Sox
jenseja01,16,7,0.696,1955,Red Sox
jenseja01,11,3,0.786,1956,Red Sox
jenseja01,8,5,0.615,1957,Red Sox
jenseja01,9,4,0.692,1958,Red Sox
jenseja01,20,5,0.8,1959,Red Sox
jenseja01,9,8,0.529,1961,Red Sox
mateojo01,1,0,1.0,2020,Padres
mateojo01,5,0,1.0,2021,Padres
mateojo01,5,3,0.625,2021,Orioles
mateojo01,35,9,0.795,2022,Orioles
mateojo01,32,5,0.865,2023,Orioles
mateojo01,13,2,0.867,2024,Orioles
mateojo01,15,2,0.882,2025,Orioles
villajo01,18,8,0.692,2013,Astros
villajo01,17,4,0.81,2014,Astros
villajo01,7,2,0.778,2015,Astros
villajo01,62,18,0.775,2016,Brewers
villajo01,23,8,0.742,2017,Brewers
villajo01,14,2,0.875,2018,Brewers
villajo01,21,3,0.875,2018,Orioles
villajo01,40,9,0.816,2019,Orioles
villajo01,9,5,0.643,2020,Marlins
villajo01,7,0,1.0,2020,Blue Jays
villajo01,14,7,0.667,2021,Mets
villajo01,6,0,1.0,2022,Cubs
villajo01,1,0,1.0,2022,Angels
ruizes01,1,2,0.333,2022,Padres
ruizes01,0,0,0.0,2022,Brewers
ruizes01,67,13,0.838,2023,Athletics
ruizes01,5,4,0.556,2024,Athletics
ruizes01,4,0,1.0,2025,Dodgers
maisefr01,25,0,0.0,1913,Yankees
maisefr01,74,17,0.813,1914,Yankees
maisefr01,51,12,0.81,1915,Yankees
maisefr01,4,0,1.0,1916,Yankees
maisefr01,29,0,0.0,1917,Yankees
maisefr01,11,0,0.0,1918,Browns
delacel01,35,8,0.814,2023,Reds
delacel01,67,16,0.807,2024,Reds
delacel01,37,8,0.822,2025,Reds
reynoha01,0,2,0.0,1983,Mariners
reynoha01,1,1,0.5,1984,Mariners
reynoha01,3,2,0.6,1985,Mariners
reynoha01,30,12,0.714,1986,Mariners
reynoha01,60,20,0.75,1987,Mariners
reynoha01,35,29,0.547,1988,Mariners
reynoha01,25,18,0.581,1989,Mariners
reynoha01,31,16,0.66,1990,Mariners
reynoha01,28,8,0.778,1991,Mariners
reynoha01,15,12,0.556,1992,Mariners
reynoha01,12,11,0.522,1993,Orioles
reynoha01,10,7,0.588,1994,Angels
tolanbo01,2,1,0.667,1965,Cardinals
tolanbo01,1,2,0.333,1966,Cardinals
tolanbo01,12,7,0.632,1967,Cardinals
tolanbo01,9,5,0.643,1968,Cardinals
tolanbo01,26,12,0.684,1969,Reds
tolanbo01,57,20,0.74,1970,Reds
tolanbo01,42,15,0.737,1972,Reds
tolanbo01,15,10,0.6,1973,Reds
tolanbo01,7,9,0.438,1974,Padres
tolanbo01,11,13,0.458,1975,Padres
tolanbo01,10,5,0.667,1976,Phillies
tolanbo01,0,0,0.0,1977,Phillies
tolanbo01,1,1,0.5,1977,Pirates
tolanbo01,0,0,0.0,1979,Padres
cuyleki01,0,0,0.0,1921,Pirates
cuyleki01,0,0,0.0,1922,Pirates
cuyleki01,2,3,0.4,1923,Pirates
cuyleki01,32,11,0.744,1924,Pirates
cuyleki01,41,13,0.759,1925,Pirates
cuyleki01,35,20,0.636,1926,Pirates
cuyleki01,20,1,0.952,1927,Pirates
cuyleki01,37,9,0.804,1928,Cubs
cuyleki01,43,11,0.796,1929,Cubs
cuyleki01,37,10,0.787,1930,Cubs
cuyleki01,13,17,0.433,1931,Cubs
cuyleki01,9,7,0.563,1932,Cubs
cuyleki01,4,3,0.571,1933,Cubs
cuyleki01,15,8,0.652,1934,Cubs
cuyleki01,3,3,0.5,1935,Cubs
cuyleki01,5,4,0.556,1935,Reds
cuyleki01,16,11,0.593,1936,Reds
cuyleki01,10,10,0.5,1937,Reds
cuyleki01,6,7,0.462,1938,Dodgers
rivermi01,1,0,1.0,1970,Angels
rivermi01,13,1,0.929,1971,Angels
rivermi01,4,3,0.571,1972,Angels
rivermi01,8,3,0.727,1973,Angels
rivermi01,30,13,0.698,1974,Angels
rivermi01,70,14,0.833,1975,Angels
rivermi01,43,7,0.86,1976,Yankees
rivermi01,22,14,0.611,1977,Yankees
rivermi01,25,5,0.833,1978,Yankees
rivermi01,3,7,0.3,1979,Yankees
rivermi01,7,2,0.778,1979,Rangers
rivermi01,18,7,0.72,1980,Rangers
rivermi01,9,5,0.643,1981,Rangers
rivermi01,0,0,0.0,1982,Rangers
rivermi01,9,4,0.692,1983,Rangers
rivermi01,5,5,0.5,1984,Rangers
lopesda01,4,0,1.0,1972,Dodgers
lopesda01,36,16,0.692,1973,Dodgers
lopesda01,59,18,0.766,1974,Dodgers
lopesda01,77,12,0.865,1975,Dodgers
lopesda01,63,10,0.863,1976,Dodgers
lopesda01,47,12,0.797,1977,Dodgers
lopesda01,45,4,0.918,1978,Dodgers
lopesda01,44,4,0.917,1979,Dodgers
lopesda01,23,7,0.767,1980,Dodgers
lopesda01,20,2,0.909,1981,Dodgers
lopesda01,28,12,0.7,1982,Athletics
lopesda01,22,4,0.846,1983,Athletics
lopesda01,12,0,1.0,1984,Athletics
lopesda01,3,0,1.0,1984,Cubs
lopesda01,47,4,0.922,1985,Cubs
lopesda01,17,6,0.739,1986,Cubs
lopesda01,8,2,0.8,1986,Astros
lopesda01,2,1,0.667,1987,Astros
hoffmda01,7,0,0.0,1903,Athletics
hoffmda01,9,0,0.0,1904,Athletics
hoffmda01,46,0,0.0,1905,Athletics
hoffmda01,1,0,0.0,1906,Athletics
hoffmda01,32,0,0.0,1906,Highlanders
hoffmda01,30,0,0.0,1907,Highlanders
hoffmda01,17,0,0.0,1908,Browns
hoffmda01,24,0,0.0,1909,Browns
hoffmda01,16,0,0.0,1910,Browns
hoffmda01,3,0,0.0,1911,Browns
crispco01,4,1,0.8,2002,Indians
crispco01,15,9,0.625,2003,Indians
crispco01,20,13,0.606,2004,Indians
crispco01,15,6,0.714,2005,Indians
crispco01,22,4,0.846,2006,Red Sox
crispco01,28,6,0.824,2007,Red Sox
crispco01,20,7,0.741,2008,Red Sox
crispco01,13,2,0.867,2009,Royals
crispco01,32,3,0.914,2010,Athletics
crispco01,49,9,0.845,2011,Athletics
crispco01,39,4,0.907,2012,Athletics
crispco01,21,5,0.808,2013,Athletics
crispco01,19,5,0.792,2014,Athletics
crispco01,2,0,1.0,2015,Athletics
crispco01,7,5,0.583,2016,Athletics
crispco01,3,0,1.0,2016,Indians
burnsge01,0,0,0.0,1911,Giants
burnsge01,7,0,0.0,1912,Giants
burnsge01,40,0,0.0,1913,Giants
burnsge01,62,0,0.0,1914,Giants
burnsge01,27,20,0.574,1915,Giants
burnsge01,37,26,0.587,1916,Giants
burnsge01,40,12,0.769,1917,Giants
burnsge01,40,11,0.784,1918,Giants
burnsge01,40,23,0.635,1919,Giants
burnsge01,22,22,0.5,1920,Giants
burnsge01,19,20,0.487,1921,Giants
burnsge01,30,23,0.566,1922,Reds
burnsge01,12,14,0.462,1923,Reds
burnsge01,3,6,0.333,1924,Reds
burnsge01,4,8,0.333,1925,Phillies
altuvjo01,7,3,0.7,2011,Astros
altuvjo01,33,11,0.75,2012,Astros
altuvjo01,35,13,0.729,2013,Astros
altuvjo01,56,9,0.862,2014,Astros
altuvjo01,38,13,0.745,2015,Astros
altuvjo01,30,10,0.75,2016,Astros
altuvjo01,32,6,0.842,2017,Astros
altuvjo01,17,4,0.81,2018,Astros
altuvjo01,6,5,0.545,2019,Astros
altuvjo01,2,3,0.4,2020,Astros
altuvjo01,5,3,0.625,2021,Astros
altuvjo01,18,1,0.947,2022,Astros
altuvjo01,14,2,0.875,2023,Astros
altuvjo01,22,7,0.759,2024,Astros
altuvjo01,10,6,0.625,2025,Astros
freylo01,4,3,0.571,1933,Dodgers
freylo01,11,6,0.647,1934,Dodgers
freylo01,6,7,0.462,1935,Dodgers
freylo01,7,4,0.636,1936,Dodgers
freylo01,6,5,0.545,1937,Cubs
freylo01,4,4,0.5,1938,Reds
freylo01,5,2,0.714,1939,Reds
freylo01,22,6,0.786,1940,Reds
freylo01,16,12,0.571,1941,Reds
freylo01,9,14,0.391,1942,Reds
freylo01,7,10,0.412,1943,Reds
freylo01,5,2,0.714,1946,Reds
freylo01,0,0,0.0,1947,Cubs
freylo01,3,0,1.0,1947,Yankees
freylo01,0,0,0.0,1948,Yankees
freylo01,0,0,0.0,1948,Giants
wilsowi02,2,1,0.667,1976,Royals
wilsowi02,6,3,0.667,1977,Royals
wilsowi02,46,12,0.793,1978,Royals
wilsowi02,83,12,0.874,1979,Royals
wilsowi02,79,10,0.888,1980,Royals
wilsowi02,34,8,0.81,1981,Royals
wilsowi02,37,11,0.771,1982,Royals
wilsowi02,59,8,0.881,1983,Royals
wilsowi02,47,5,0.904,1984,Royals
wilsowi02,43,11,0.796,1985,Royals
wilsowi02,34,8,0.81,1986,Royals
wilsowi02,59,11,0.843,1987,Royals
wilsowi02,35,7,0.833,1988,Royals
wilsowi02,24,6,0.8,1989,Royals
wilsowi02,24,6,0.8,1990,Royals
wilsowi02,20,5,0.8,1991,Athletics
wilsowi02,28,8,0.778,1992,Athletics
wilsowi02,7,2,0.778,1993,Cubs
wilsowi02,1,0,1.0,1994,Cubs
fogarji01,0,0,0.0,1884,Phillies
fogarji01,0,0,0.0,1885,Phillies
fogarji01,30,0,0.0,1886,Phillies
fogarji01,102,0,0.0,1887,Phillies
fogarji01,58,0,0.0,1888,Phillies
fogarji01,99,0,0.0,1889,Phillies
fogarji01,36,0,0.0,1890,Quakers
milancl01,8,0,0.0,1907,Senators
milancl01,29,0,0.0,1908,Senators
milancl01,10,0,0.0,1909,Senators
milancl01,44,0,0.0,1910,Senators
milancl01,58,0,0.0,1911,Senators
milancl01,88,31,0.739,1912,Senators
milancl01,75,0,0.0,1913,Senators
milancl01,38,21,0.644,1914,Senators
milancl01,40,19,0.678,1915,Senators
milancl01,34,21,0.618,1916,Senators
milancl01,20,0,0.0,1917,Senators
milancl01,26,0,0.0,1918,Senators
milancl01,11,0,0.0,1919,Senators
milancl01,10,12,0.455,1920,Senators
milancl01,4,5,0.444,1921,Senators
milancl01,0,0,0.0,1922,Senators
younger03,4,4,0.5,2009,Rockies
younger03,17,6,0.739,2010,Rockies
younger03,27,4,0.871,2011,Rockies
younger03,14,2,0.875,2012,Rockies
younger03,8,4,0.667,2013,Rockies
younger03,38,7,0.844,2013,Mets
younger03,30,6,0.833,2014,Mets
younger03,3,0,1.0,2015,Braves
younger03,3,2,0.6,2015,Mets
younger03,1,0,1.0,2016,Yankees
younger03,12,3,0.8,2017,Angels
younger03,5,1,0.833,2018,Angels
figgich01,2,1,0.667,2002,Angels
figgich01,13,7,0.65,2003,Angels
figgich01,34,13,0.723,2004,Angels
figgich01,62,17,0.785,2005,Angels
figgich01,52,16,0.765,2006,Angels
figgich01,41,12,0.774,2007,Angels
figgich01,34,13,0.723,2008,Angels
figgich01,42,17,0.712,2009,Angels
figgich01,42,15,0.737,2010,Mariners
figgich01,11,6,0.647,2011,Mariners
figgich01,4,1,0.8,2012,Mariners
figgich01,4,1,0.8,2014,Dodgers
gehrich01,1,1,0.5,1924,Tigers
gehrich01,0,1,0.0,1925,Tigers
gehrich01,9,7,0.563,1926,Tigers
gehrich01,17,8,0.68,1927,Tigers
gehrich01,15,9,0.625,1928,Tigers
gehrich01,27,9,0.75,1929,Tigers
gehrich01,19,15,0.559,1930,Tigers
gehrich01,13,4,0.765,1931,Tigers
gehrich01,9,8,0.529,1932,Tigers
gehrich01,5,4,0.556,1933,Tigers
gehrich01,11,8,0.579,1934,Tigers
gehrich01,11,4,0.733,1935,Tigers
gehrich01,4,1,0.8,1936,Tigers
gehrich01,11,4,0.733,1937,Tigers
gehrich01,14,1,0.933,1938,Tigers
gehrich01,4,3,0.571,1939,Tigers
gehrich01,10,0,1.0,1940,Tigers
gehrich01,1,2,0.333,1941,Tigers
gehrich01,0,0,0.0,1942,Tigers
suzukic01,56,14,0.8,2001,Mariners
suzukic01,31,15,0.674,2002,Mariners
suzukic01,34,8,0.81,2003,Mariners
suzukic01,36,11,0.766,2004,Mariners
suzukic01,33,8,0.805,2005,Mariners
suzukic01,45,2,0.957,2006,Mariners
suzukic01,37,8,0.822,2007,Mariners
suzukic01,43,4,0.915,2008,Mariners
suzukic01,26,9,0.743,2009,Mariners
suzukic01,42,9,0.824,2010,Mariners
suzukic01,40,7,0.851,2011,Mariners
suzukic01,15,2,0.882,2012,Mariners
suzukic01,14,5,0.737,2012,Yankees
suzukic01,20,4,0.833,2013,Yankees
suzukic01,15,3,0.833,2014,Yankees
suzukic01,11,5,0.688,2015,Marlins
suzukic01,10,2,0.833,2016,Marlins
suzukic01,1,1,0.5,2017,Marlins
suzukic01,0,0,0.0,2018,Mariners
suzukic01,0,0,0.0,2019,Mariners
dillibo01,8,1,0.889,1946,Browns
dillibo01,34,13,0.723,1947,Browns
dillibo01,28,11,0.718,1948,Browns
dillibo01,20,14,0.588,1949,Browns
dillibo01,5,3,0.625,1950,Athletics
dillibo01,4,3,0.571,1950,Pirates
dillibo01,2,0,1.0,1951,Pirates
dillibo01,5,5,0.5,1951,White Sox
laryly01,4,1,0.8,1929,Yankees
laryly01,14,2,0.875,1930,Yankees
laryly01,13,10,0.565,1931,Yankees
laryly01,9,3,0.75,1932,Yankees
laryly01,2,1,0.667,1933,Yankees
laryly01,0,0,0.0,1934,Yankees
laryly01,12,5,0.706,1934,Red Sox
laryly01,3,0,1.0,1935,Senators
laryly01,25,4,0.862,1935,Browns
laryly01,37,9,0.804,1936,Browns
laryly01,18,8,0.692,1937,Indians
laryly01,23,6,0.793,1938,Indians
laryly01,0,0,0.0,1939,Indians
laryly01,1,0,0.0,1939,Dodgers
laryly01,1,0,0.0,1939,Cardinals
laryly01,0,0,0.0,1940,Browns
dimagdo01,7,6,0.538,1940,Red Sox
dimagdo01,13,6,0.684,1941,Red Sox
dimagdo01,16,10,0.615,1942,Red Sox
dimagdo01,10,6,0.625,1946,Red Sox
dimagdo01,10,6,0.625,1947,Red Sox
dimagdo01,10,2,0.833,1948,Red Sox
dimagdo01,9,7,0.563,1949,Red Sox
dimagdo01,15,4,0.789,1950,Red Sox
dimagdo01,4,7,0.364,1951,Red Sox
dimagdo01,6,8,0.429,1952,Red Sox
dimagdo01,0,0,0.0,1953,Red Sox
schoere01,26,7,0.788,1945,Cardinals
schoere01,12,9,0.571,1946,Cardinals
schoere01,6,8,0.429,1947,Cardinals
schoere01,1,3,0.25,1948,Cardinals
schoere01,8,3,0.727,1949,Cardinals
schoere01,3,3,0.5,1950,Cardinals
schoere01,0,1,0.0,1951,Cardinals
schoere01,9,6,0.6,1952,Cardinals
schoere01,3,3,0.5,1953,Cardinals
schoere01,4,2,0.667,1954,Cardinals
schoere01,7,7,0.5,1955,Cardinals
schoere01,0,1,0.0,1956,Cardinals
schoere01,1,2,0.333,1956,Giants
schoere01,2,1,0.667,1957,Giants
schoere01,2,3,0.4,1957,Braves
schoere01,3,1,0.75,1958,Braves
schoere01,0,0,0.0,1959,Braves
schoere01,1,0,1.0,1960,Braves
schoere01,1,0,1.0,1961,Cardinals
schoere01,0,0,0.0,1962,Cardinals
schoere01,0,0,0.0,1963,Cardinals
sislege01,10,9,0.526,1915,Browns
sislege01,34,26,0.567,1916,Browns
sislege01,37,0,0.0,1917,Browns
sislege01,45,0,0.0,1918,Browns
sislege01,28,0,0.0,1919,Browns
sislege01,42,17,0.712,1920,Browns
sislege01,35,11,0.761,1921,Browns
sislege01,51,19,0.729,1922,Browns
sislege01,19,17,0.528,1924,Browns
sislege01,11,12,0.478,1925,Browns
sislege01,12,8,0.6,1926,Browns
sislege01,27,7,0.794,1927,Browns
sislege01,0,1,0.0,1928,Senators
sislege01,11,0,0.0,1928,Braves
sislege01,6,0,0.0,1929,Braves
sislege01,7,0,0.0,1930,Braves
brownto01,0,0,0.0,1882,Orioles
brownto01,0,0,0.0,1883,Colts
brownto01,0,0,0.0,1884,Colts
brownto01,0,0,0.0,1885,Alleghenys
brownto01,30,0,0.0,1886,Alleghenys
brownto01,12,0,0.0,1887,Alleghenys
brownto01,13,0,0.0,1887,Hoosiers
brownto01,46,0,0.0,1888,Beaneaters
brownto01,63,0,0.0,1889,Beaneaters
brownto01,79,0,0.0,1890,Red Stockings
brownto01,106,0,0.0,1891,Reds
brownto01,78,0,0.0,1892,Colonels
brownto01,66,0,0.0,1893,Colonels
brownto01,66,0,0.0,1894,Colonels
brownto01,34,0,0.0,1895,Browns
brownto01,8,0,0.0,1895,Senators
brownto01,28,0,0.0,1896,Senators
brownto01,25,0,0.0,1897,Senators
brownto01,3,0,0.0,1898,Senators
smithma05,16,8,0.667,2016,Braves
smithma05,16,5,0.762,2017,Rays
smithma05,40,12,0.769,2018,Rays
smithma05,46,9,0.836,2019,Mariners
smithma05,2,0,1.0,2020,Mariners
myerbu01,0,0,0.0,1925,Senators
myerbu01,10,11,0.476,1926,Senators
myerbu01,3,1,0.75,1927,Senators
myerbu01,9,5,0.643,1927,Red Sox
myerbu01,30,16,0.652,1928,Red Sox
myerbu01,18,7,0.72,1929,Senators
myerbu01,14,11,0.56,1930,Senators
myerbu01,11,14,0.44,1931,Senators
myerbu01,12,7,0.632,1932,Senators
myerbu01,6,8,0.429,1933,Senators
myerbu01,6,6,0.5,1934,Senators
myerbu01,7,6,0.538,1935,Senators
myerbu01,7,2,0.778,1936,Senators
myerbu01,2,6,0.25,1937,Senators
myerbu01,9,5,0.643,1938,Senators
myerbu01,4,1,0.8,1939,Senators
myerbu01,6,3,0.667,1940,Senators
myerbu01,2,0,1.0,1941,Senators
willsma01,7,3,0.7,1959,Dodgers
willsma01,50,12,0.806,1960,Dodgers
willsma01,35,15,0.7,1961,Dodgers
willsma01,104,13,0.889,1962,Dodgers
willsma01,40,19,0.678,1963,Dodgers
willsma01,53,17,0.757,1964,Dodgers
willsma01,94,31,0.752,1965,Dodgers
willsma01,38,24,0.613,1966,Dodgers
willsma01,29,10,0.744,1967,Pirates
willsma01,52,21,0.712,1968,Pirates
willsma01,15,6,0.714,1969,Expos
willsma01,25,15,0.625,1969,Dodgers
willsma01,28,13,0.683,1970,Dodgers
willsma01,15,8,0.652,1971,Dodgers
willsma01,1,1,0.5,1972,Dodgers
biggicr01,6,1,0.857,1988,Astros
biggicr01,21,3,0.875,1989,Astros
biggicr01,25,11,0.694,1990,Astros
biggicr01,19,6,0.76,1991,Astros
biggicr01,38,15,0.717,1992,Astros
biggicr01,15,17,0.469,1993,Astros
biggicr01,39,4,0.907,1994,Astros
biggicr01,33,8,0.805,1995,Astros
biggicr01,25,7,0.781,1996,Astros
biggicr01,47,10,0.825,1997,Astros
biggicr01,50,8,0.862,1998,Astros
biggicr01,28,14,0.667,1999,Astros
biggicr01,12,2,0.857,2000,Astros
biggicr01,7,4,0.636,2001,Astros
biggicr01,16,2,0.889,2002,Astros
biggicr01,8,4,0.667,2003,Astros
biggicr01,7,2,0.778,2004,Astros
biggicr01,11,1,0.917,2005,Astros
biggicr01,3,2,0.6,2006,Astros
biggicr01,4,3,0.571,2007,Astros
morenom01,1,0,1.0,1975,Pirates
morenom01,15,5,0.75,1976,Pirates
morenom01,53,16,0.768,1977,Pirates
morenom01,71,22,0.763,1978,Pirates
morenom01,77,21,0.786,1979,Pirates
morenom01,96,33,0.744,1980,Pirates
morenom01,39,14,0.736,1981,Pirates
morenom01,60,26,0.698,1982,Pirates
morenom01,30,13,0.698,1983,Astros
morenom01,7,3,0.7,1983,Yankees
morenom01,20,11,0.645,1984,Yankees
morenom01,1,1,0.5,1985,Yankees
morenom01,0,1,0.0,1985,Royals
morenom01,17,16,0.515,1986,Braves
mostijo01,1,0,0.0,1918,White Sox
mostijo01,10,12,0.455,1921,White Sox
mostijo01,14,10,0.583,1922,White Sox
mostijo01,41,16,0.719,1923,White Sox
mostijo01,7,11,0.389,1924,White Sox
mostijo01,43,20,0.683,1925,White Sox
mostijo01,35,14,0.714,1926,White Sox
mostijo01,1,0,1.0,1927,White Sox
mostijo01,23,21,0.523,1928,White Sox
mostijo01,1,1,0.5,1929,White Sox
younger01,6,1,0.857,1992,Dodgers
younger01,42,19,0.689,1993,Rockies
younger01,18,7,0.72,1994,Rockies
younger01,35,12,0.745,1995,Rockies
younger01,53,19,0.736,1996,Rockies
younger01,32,12,0.727,1997,Rockies
younger01,13,2,0.867,1997,Dodgers
younger01,42,13,0.764,1998,Dodgers
younger01,51,22,0.699,1999,Dodgers
younger01,54,7,0.885,2000,Cubs
younger01,31,14,0.689,2001,Cubs
younger01,31,11,0.738,2002,Brewers
younger01,25,7,0.781,2003,Brewers
younger01,3,5,0.375,2003,Giants
younger01,14,9,0.609,2004,Rangers
younger01,7,6,0.538,2005,Padres
younger01,8,2,0.8,2006,Padres
younger01,0,0,0.0,2006,Rangers
reyesjo01,13,3,0.813,2003,Mets
reyesjo01,19,2,0.905,2004,Mets
reyesjo01,60,15,0.8,2005,Mets
reyesjo01,64,17,0.79,2006,Mets
reyesjo01,78,21,0.788,2007,Mets
reyesjo01,56,15,0.789,2008,Mets
reyesjo01,11,2,0.846,2009,Mets
reyesjo01,30,10,0.75,2010,Mets
reyesjo01,39,7,0.848,2011,Mets
reyesjo01,40,11,0.784,2012,Marlins
reyesjo01,15,6,0.714,2013,Blue Jays
reyesjo01,30,2,0.938,2014,Blue Jays
reyesjo01,16,2,0.889,2015,Blue Jays
reyesjo01,8,4,0.667,2015,Rockies
reyesjo01,9,2,0.818,2016,Mets
reyesjo01,24,6,0.8,2017,Mets
reyesjo01,5,2,0.714,2018,Mets
devliar01,33,0,0.0,1904,Giants
devliar01,59,0,0.0,1905,Giants
devliar01,54,0,0.0,1906,Giants
devliar01,38,0,0.0,1907,Giants
devliar01,19,0,0.0,1908,Giants
devliar01,26,0,0.0,1909,Giants
devliar01,28,0,0.0,1910,Giants
devliar01,9,0,0.0,1911,Giants
devliar01,11,0,0.0,1912,Braves
devliar01,8,8,0.5,1913,Braves
riverji01,8,7,0.533,1952,Browns
riverji01,13,2,0.867,1952,White Sox
riverji01,22,15,0.595,1953,White Sox
riverji01,18,10,0.643,1954,White Sox
riverji01,25,16,0.61,1955,White Sox
riverji01,20,9,0.69,1956,White Sox
riverji01,18,2,0.9,1957,White Sox
riverji01,21,3,0.875,1958,White Sox
riverji01,5,3,0.625,1959,White Sox
riverji01,4,0,1.0,1960,White Sox
riverji01,0,1,0.0,1961,White Sox
riverji01,6,2,0.75,1961,Athletics
taverwi01,1,0,1.0,2004,Astros
taverwi01,34,11,0.756,2005,Astros
taverwi01,33,9,0.786,2006,Astros
taverwi01,33,9,0.786,2007,Rockies
taverwi01,68,7,0.907,2008,Rockies
taverwi01,25,6,0.806,2009,Reds
taverwi01,1,2,0.333,2010,Nationals
womacto01,2,0,1.0,1993,Pirates
womacto01,0,0,0.0,1994,Pirates
womacto01,2,0,1.0,1996,Pirates
womacto01,60,7,0.896,1997,Pirates
womacto01,58,8,0.879,1998,Pirates
womacto01,72,13,0.847,1999,Diamondbacks
womacto01,45,11,0.804,2000,Diamondbacks
womacto01,28,7,0.8,2001,Diamondbacks
womacto01,29,12,0.707,2002,Diamondbacks
womacto01,8,3,0.727,2003,Diamondbacks
womacto01,3,1,0.75,2003,Rockies
womacto01,2,1,0.667,2003,Cubs
womacto01,26,5,0.839,2004,Cardinals
womacto01,27,5,0.844,2005,Yankees
womacto01,0,0,0.0,2006,Reds
womacto01,1,1,0.5,2006,Cubs
podsesc01,0,0,0.0,2001,Mariners
podsesc01,0,0,0.0,2002,Mariners
podsesc01,43,10,0.811,2003,Brewers
podsesc01,70,13,0.843,2004,Brewers
podsesc01,59,23,0.72,2005,White Sox
podsesc01,40,19,0.678,2006,White Sox
podsesc01,12,5,0.706,2007,White Sox
podsesc01,12,4,0.75,2008,Rockies
podsesc01,30,13,0.698,2009,White Sox
podsesc01,30,12,0.714,2010,Royals
podsesc01,5,3,0.625,2010,Dodgers
podsesc01,8,2,0.8,2012,Red Sox
casege01,2,1,0.667,1937,Senators
casege01,11,6,0.647,1938,Senators
casege01,51,17,0.75,1939,Senators
casege01,35,10,0.778,1940,Senators
casege01,33,9,0.786,1941,Senators
casege01,44,6,0.88,1942,Senators
casege01,61,14,0.813,1943,Senators
casege01,49,18,0.731,1944,Senators
casege01,30,16,0.652,1945,Senators
casege01,28,11,0.718,1946,Indians
casege01,5,1,0.833,1947,Senators
acunaro01,16,5,0.762,2018,Braves
acunaro01,37,9,0.804,2019,Braves
acunaro01,8,1,0.889,2020,Braves
acunaro01,17,6,0.739,2021,Braves
acunaro01,29,11,0.725,2022,Braves
acunaro01,73,14,0.839,2023,Braves
acunaro01,16,3,0.842,2024,Braves
acunaro01,9,1,0.9,2025,Braves
bertijo01,1,0,1.0,2018,Blue Jays
bertijo01,17,3,0.85,2019,Marlins
bertijo01,9,2,0.818,2020,Marlins
bertijo01,8,4,0.667,2021,Marlins
bertijo01,41,5,0.891,2022,Marlins
bertijo01,16,6,0.727,2023,Marlins
bertijo01,5,1,0.833,2024,Yankees
bertijo01,11,3,0.786,2025,Cubs
kleinch01,0,0,0.0,1928,Phillies
kleinch01,5,0,1.0,1929,Phillies
kleinch01,4,5,0.444,1930,Phillies
kleinch01,7,8,0.467,1931,Phillies
kleinch01,20,9,0.69,1932,Phillies
kleinch01,15,7,0.682,1933,Phillies
kleinch01,3,5,0.375,1934,Cubs
kleinch01,4,1,0.8,1935,Cubs
kleinch01,0,0,0.0,1936,Cubs
kleinch01,6,1,0.857,1936,Phillies
kleinch01,3,3,0.5,1937,Phillies
kleinch01,7,4,0.636,1938,Phillies
kleinch01,1,1,0.5,1939,Phillies
kleinch01,1,0,1.0,1939,Pirates
kleinch01,2,5,0.286,1940,Phillies
kleinch01,0,0,0.0,1941,Phillies
kleinch01,0,0,0.0,1942,Phillies
kleinch01,1,0,1.0,1943,Phillies
kleinch01,0,0,0.0,1944,Phillies
murtada01,18,2,0.9,1941,Phillies
murtada01,13,6,0.684,1942,Phillies
murtada01,4,3,0.571,1943,Phillies
murtada01,0,0,0.0,1946,Phillies
murtada01,0,0,0.0,1947,Braves
murtada01,10,7,0.588,1948,Pirates
murtada01,2,1,0.667,1949,Pirates
murtada01,2,3,0.4,1950,Pirates
murtada01,0,0,0.0,1951,Pirates
robinja02,29,11,0.725,1947,Dodgers
robinja02,22,14,0.611,1948,Dodgers
robinja02,37,16,0.698,1949,Dodgers
robinja02,12,5,0.706,1950,Dodgers
robinja02,25,8,0.758,1951,Dodgers
robinja02,24,7,0.774,1952,Dodgers
robinja02,17,4,0.81,1953,Dodgers
robinja02,7,3,0.7,1954,Dodgers
robinja02,12,3,0.8,1955,Dodgers
robinja02,12,5,0.706,1956,Dodgers
isbelfr01,3,0,0.0,1898,Orphans
isbelfr01,52,0,0.0,1901,White Sox
isbelfr01,38,0,0.0,1902,White Sox
isbelfr01,26,0,0.0,1903,White Sox
isbelfr01,19,0,0.0,1904,White Sox
isbelfr01,15,0,0.0,1905,White Sox
isbelfr01,37,0,0.0,1906,White Sox
isbelfr01,22,0,0.0,1907,White Sox
isbelfr01,18,0,0.0,1908,White Sox
isbelfr01,23,0,0.0,1909,White Sox
doughpa01,20,0,0.0,1902,Americans
doughpa01,35,0,0.0,1903,Americans
doughpa01,10,0,0.0,1904,Americans
doughpa01,11,0,0.0,1904,Highlanders
doughpa01,17,0,0.0,1905,Highlanders
doughpa01,0,0,0.0,1906,Highlanders
doughpa01,11,0,0.0,1906,White Sox
doughpa01,33,0,0.0,1907,White Sox
doughpa01,47,0,0.0,1908,White Sox
doughpa01,36,0,0.0,1909,White Sox
doughpa01,22,0,0.0,1910,White Sox
doughpa01,19,0,0.0,1911,White Sox
barrejo01,10,0,0.0,1942,Pirates
barrejo01,5,0,0.0,1943,Pirates
barrejo01,28,0,0.0,1944,Pirates
barrejo01,25,0,0.0,1945,Pirates
barrejo01,1,0,0.0,1946,Pirates
barrejo01,0,0,0.0,1946,Braves
mcmanma01,0,0,0.0,1920,Browns
mcmanma01,5,3,0.625,1921,Browns
mcmanma01,9,6,0.6,1922,Browns
mcmanma01,14,10,0.583,1923,Browns
mcmanma01,13,9,0.591,1924,Browns
mcmanma01,5,11,0.313,1925,Browns
mcmanma01,5,7,0.417,1926,Browns
mcmanma01,8,7,0.533,1927,Tigers
mcmanma01,11,13,0.458,1928,Tigers
mcmanma01,16,11,0.593,1929,Tigers
mcmanma01,23,8,0.742,1930,Tigers
mcmanma01,7,3,0.7,1931,Tigers
mcmanma01,1,1,0.5,1931,Red Sox
mcmanma01,1,2,0.333,1932,Red Sox
mcmanma01,3,0,1.0,1933,Red Sox
mcmanma01,5,0,0.0,1934,Braves
raineti01,2,0,1.0,1979,Expos
raineti01,5,0,1.0,1980,Expos
raineti01,71,11,0.866,1981,Expos
raineti01,78,16,0.83,1982,Expos
raineti01,90,14,0.865,1983,Expos
raineti01,75,10,0.882,1984,Expos
raineti01,70,9,0.886,1985,Expos
raineti01,70,9,0.886,1986,Expos
raineti01,50,5,0.909,1987,Expos
raineti01,33,7,0.825,1988,Expos
raineti01,41,9,0.82,1989,Expos
raineti01,49,16,0.754,1990,Expos
raineti01,51,15,0.773,1991,White Sox
raineti01,45,6,0.882,1992,White Sox
raineti01,21,7,0.75,1993,White Sox
raineti01,13,0,1.0,1994,White Sox
raineti01,13,2,0.867,1995,White Sox
raineti01,10,1,0.909,1996,Yankees
raineti01,8,5,0.615,1997,Yankees
raineti01,8,3,0.727,1998,Yankees
raineti01,4,1,0.8,1999,Athletics
raineti01,1,0,1.0,2001,Expos
raineti01,0,0,0.0,2001,Orioles
raineti01,0,0,0.0,2002,Marlins
castilu01,17,4,0.81,1996,Marlins
castilu01,16,10,0.615,1997,Marlins
castilu01,3,0,1.0,1998,Marlins
castilu01,50,17,0.746,1999,Marlins
castilu01,62,22,0.738,2000,Marlins
castilu01,33,16,0.673,2001,Marlins
castilu01,48,15,0.762,2002,Marlins
castilu01,21,19,0.525,2003,Marlins
castilu01,21,4,0.84,2004,Marlins
castilu01,10,7,0.588,2005,Marlins
castilu01,25,11,0.694,2006,Twins
castilu01,9,4,0.692,2007,Twins
castilu01,10,2,0.833,2007,Mets
castilu01,17,2,0.895,2008,Mets
castilu01,20,6,0.769,2009,Mets
castilu01,8,3,0.727,2010,Mets
beschbo01,10,0,0.0,1908,Reds
beschbo01,54,0,0.0,1909,Reds
beschbo01,70,0,0.0,1910,Reds
beschbo01,80,0,0.0,1911,Reds
beschbo01,67,0,0.0,1912,Reds
beschbo01,38,22,0.633,1913,Reds
beschbo01,36,0,0.0,1914,Giants
beschbo01,27,19,0.587,1915,Cardinals
beschbo01,39,12,0.765,1916,Cardinals
beschbo01,3,0,0.0,1917,Cardinals
beschbo01,3,0,0.0,1918,Indians
ellsbja01,9,0,1.0,2007,Red Sox
ellsbja01,50,11,0.82,2008,Red Sox
ellsbja01,70,12,0.854,2009,Red Sox
ellsbja01,7,1,0.875,2010,Red Sox
ellsbja01,39,15,0.722,2011,Red Sox
ellsbja01,14,3,0.824,2012,Red Sox
ellsbja01,52,4,0.929,2013,Red Sox
ellsbja01,39,5,0.886,2014,Yankees
ellsbja01,21,9,0.7,2015,Yankees
ellsbja01,20,8,0.714,2016,Yankees
ellsbja01,22,3,0.88,2017,Yankees
davisra01,1,3,0.25,2006,Pirates
davisra01,5,2,0.714,2007,Pirates
davisra01,17,4,0.81,2007,Giants
davisra01,4,0,1.0,2008,Giants
davisra01,25,6,0.806,2008,Athletics
davisra01,41,12,0.774,2009,Athletics
davisra01,50,11,0.82,2010,Athletics
davisra01,34,11,0.756,2011,Blue Jays
davisra01,46,13,0.78,2012,Blue Jays
davisra01,45,6,0.882,2013,Blue Jays
davisra01,36,11,0.766,2014,Tigers
davisra01,18,8,0.692,2015,Tigers
davisra01,43,6,0.878,2016,Indians
davisra01,26,6,0.813,2017,Athletics
davisra01,3,1,0.75,2017,Red Sox
davisra01,21,7,0.75,2018,Indians
davisra01,0,1,0.0,2019,Mets
reisepe01,2,6,0.25,1940,Dodgers
reisepe01,4,5,0.444,1941,Dodgers
reisepe01,20,1,0.952,1942,Dodgers
reisepe01,34,11,0.756,1946,Dodgers
reisepe01,14,11,0.56,1947,Dodgers
reisepe01,4,1,0.8,1948,Dodgers
reisepe01,3,1,0.75,1949,Braves
reisepe01,1,0,1.0,1950,Braves
reisepe01,4,2,0.667,1951,Pirates
reisepe01,1,1,0.5,1952,Indians
brutobi01,26,11,0.703,1953,Braves
brutobi01,34,13,0.723,1954,Braves
brutobi01,25,11,0.694,1955,Braves
brutobi01,8,6,0.571,1956,Braves
brutobi01,11,4,0.733,1957,Braves
brutobi01,4,1,0.8,1958,Braves
brutobi01,13,5,0.722,1959,Braves
brutobi01,22,13,0.629,1960,Braves
brutobi01,22,6,0.786,1961,Tigers
brutobi01,14,7,0.667,1962,Tigers
brutobi01,14,7,0.667,1963,Tigers
brutobi01,14,5,0.737,1964,Tigers
cabreev01,25,8,0.758,2009,Padres
cabreev01,10,6,0.625,2010,Padres
cabreev01,2,0,1.0,2011,Padres
cabreev01,44,4,0.917,2012,Padres
cabreev01,37,12,0.755,2013,Padres
cabreev01,18,8,0.692,2014,Padres
cabreev01,2,0,1.0,2015,Orioles
friscfr01,15,8,0.652,1919,Giants
friscfr01,34,11,0.756,1920,Giants
friscfr01,49,13,0.79,1921,Giants
friscfr01,31,17,0.646,1922,Giants
friscfr01,29,12,0.707,1923,Giants
friscfr01,22,9,0.71,1924,Giants
friscfr01,21,12,0.636,1925,Giants
friscfr01,23,16,0.59,1926,Giants
friscfr01,48,13,0.787,1927,Cardinals
friscfr01,29,7,0.806,1928,Cardinals
friscfr01,24,12,0.667,1929,Cardinals
friscfr01,15,10,0.6,1930,Cardinals
friscfr01,28,12,0.7,1931,Cardinals
friscfr01,18,9,0.667,1932,Cardinals
friscfr01,18,8,0.692,1933,Cardinals
friscfr01,11,4,0.733,1934,Cardinals
friscfr01,2,2,0.5,1935,Cardinals
friscfr01,2,7,0.222,1936,Cardinals
friscfr01,0,0,0.0,1937,Cardinals
donovpa01,10,0,0.0,1890,Beaneaters
donovpa01,3,0,0.0,1890,Bridegrooms
donovpa01,27,0,0.0,1891,Colonels
donovpa01,1,0,0.0,1891,Senators
donovpa01,16,0,0.0,1892,Senators
donovpa01,40,0,0.0,1892,Pirates
donovpa01,46,0,0.0,1893,Pirates
donovpa01,41,0,0.0,1894,Pirates
donovpa01,36,0,0.0,1895,Pirates
donovpa01,48,0,0.0,1896,Pirates
donovpa01,34,0,0.0,1897,Pirates
donovpa01,41,0,0.0,1898,Pirates
donovpa01,26,0,0.0,1899,Pirates
donovpa01,45,0,0.0,1900,Cardinals
donovpa01,28,0,0.0,1901,Cardinals
donovpa01,34,0,0.0,1902,Cardinals
donovpa01,25,0,0.0,1903,Cardinals
donovpa01,17,0,0.0,1904,Senators
donovpa01,0,0,0.0,1906,Superbas
donovpa01,0,0,0.0,1907,Superbas
carrch02,1,0,1.0,1990,Mets
carrch02,1,0,1.0,1991,Mets
carrch02,10,2,0.833,1992,Cardinals
carrch02,58,22,0.725,1993,Marlins
carrch02,32,8,0.8,1994,Marlins
carrch02,25,11,0.694,1995,Marlins
carrch02,5,4,0.556,1996,Brewers
carrch02,1,0,1.0,1997,Brewers
carrch02,11,5,0.688,1997,Astros
reesepe01,15,8,0.652,1940,Dodgers
reesepe01,10,6,0.625,1941,Dodgers
reesepe01,15,10,0.6,1942,Dodgers
reesepe01,10,12,0.455,1946,Dodgers
reesepe01,7,7,0.5,1947,Dodgers
reesepe01,25,3,0.893,1948,Dodgers
reesepe01,26,4,0.867,1949,Dodgers
reesepe01,17,4,0.81,1950,Dodgers
reesepe01,20,14,0.588,1951,Dodgers
reesepe01,30,5,0.857,1952,Dodgers
reesepe01,22,6,0.786,1953,Dodgers
reesepe01,8,5,0.615,1954,Dodgers
reesepe01,8,7,0.533,1955,Dodgers
reesepe01,13,4,0.765,1956,Dodgers
reesepe01,5,2,0.714,1957,Dodgers
reesepe01,1,2,0.333,1958,Dodgers
andreed01,0,0,0.0,1884,Phillies
andreed01,0,0,0.0,1885,Phillies
andreed01,56,0,0.0,1886,Phillies
andreed01,57,0,0.0,1887,Phillies
andreed01,35,0,0.0,1888,Phillies
andreed01,7,0,0.0,1889,Phillies
andreed01,7,0,0.0,1889,Hoosiers
andreed01,21,0,0.0,1890,Wonders
andreed01,22,0,0.0,1891,Kelly's Killers
bournmi01,1,2,0.333,2006,Phillies
bournmi01,18,1,0.947,2007,Phillies
bournmi01,41,10,0.804,2008,Astros
bournmi01,61,12,0.836,2009,Astros
bournmi01,52,12,0.813,2010,Astros
bournmi01,39,7,0.848,2011,Astros
bournmi01,22,7,0.759,2011,Braves
bournmi01,42,13,0.764,2012,Braves
bournmi01,23,12,0.657,2013,Indians
bournmi01,10,6,0.625,2014,Indians
bournmi01,13,5,0.722,2015,Indians
bournmi01,4,2,0.667,2015,Braves
bournmi01,13,5,0.722,2016,Diamondbacks
bournmi01,2,0,1.0,2016,Orioles
pierrju01,7,6,0.538,2000,Rockies
pierrju01,46,17,0.73,2001,Rockies
pierrju01,47,12,0.797,2002,Rockies
pierrju01,65,20,0.765,2003,Marlins
pierrju01,45,24,0.652,2004,Marlins
pierrju01,57,17,0.77,2005,Marlins
pierrju01,58,20,0.744,2006,Cubs
pierrju01,64,15,0.81,2007,Dodgers
pierrju01,40,12,0.769,2008,Dodgers
pierrju01,30,12,0.714,2009,Dodgers
pierrju01,68,18,0.791,2010,White Sox
pierrju01,27,17,0.614,2011,White Sox
pierrju01,37,7,0.841,2012,Phillies
pierrju01,23,6,0.793,2013,Marlins
merriwh01,8,3,0.727,2016,Royals
merriwh01,34,8,0.81,2017,Royals
merriwh01,45,10,0.818,2018,Royals
merriwh01,20,10,0.667,2019,Royals
merriwh01,12,3,0.8,2020,Royals
merriwh01,40,4,0.909,2021,Royals
merriwh01,15,3,0.833,2022,Royals
merriwh01,1,2,0.333,2022,Blue Jays
merriwh01,26,10,0.722,2023,Blue Jays
merriwh01,11,1,0.917,2024,Phillies
merriwh01,6,2,0.75,2024,Braves
careyma01,0,0,0.0,1910,Pirates
careyma01,27,0,0.0,1911,Pirates
careyma01,45,22,0.672,1912,Pirates
careyma01,61,17,0.782,1913,Pirates
careyma01,38,20,0.655,1914,Pirates
careyma01,36,17,0.679,1915,Pirates
careyma01,63,19,0.768,1916,Pirates
careyma01,46,16,0.742,1917,Pirates
careyma01,58,20,0.744,1918,Pirates
careyma01,18,11,0.621,1919,Pirates
careyma01,52,10,0.839,1920,Pirates
careyma01,37,12,0.755,1921,Pirates
careyma01,51,2,0.962,1922,Pirates
careyma01,51,8,0.864,1923,Pirates
careyma01,49,13,0.79,1924,Pirates
careyma01,46,11,0.807,1925,Pirates
careyma01,10,5,0.667,1926,Pirates
careyma01,0,2,0.0,1926,Robins
careyma01,32,7,0.821,1927,Robins
careyma01,18,3,0.857,1928,Robins
careyma01,0,0,0.0,1929,Robins
ashburi01,32,20,0.615,1948,Phillies
ashburi01,9,12,0.429,1949,Phillies
ashburi01,14,17,0.452,1950,Phillies
ashburi01,29,6,0.829,1951,Phillies
ashburi01,16,11,0.593,1952,Phillies
ashburi01,14,6,0.7,1953,Phillies
ashburi01,11,8,0.579,1954,Phillies
ashburi01,12,10,0.545,1955,Phillies
ashburi01,10,1,0.909,1956,Phillies
ashburi01,13,10,0.565,1957,Phillies
ashburi01,30,12,0.714,1958,Phillies
ashburi01,9,11,0.45,1959,Phillies
ashburi01,16,4,0.8,1960,Cubs
ashburi01,7,6,0.538,1961,Cubs
ashburi01,12,7,0.632,1962,Mets
cruzon01,0,0,0.0,2021,Pirates
cruzon01,11,4,0.733,2022,Pirates
cruzon01,3,0,1.0,2023,Pirates
cruzon01,22,1,0.957,2024,Pirates
cruzon01,38,5,0.884,2025,Pirates
lefloro01,23,9,0.719,1974,Tigers
lefloro01,28,20,0.583,1975,Tigers
lefloro01,58,20,0.744,1976,Tigers
lefloro01,39,19,0.672,1977,Tigers
lefloro01,68,16,0.81,1978,Tigers
lefloro01,78,14,0.848,1979,Tigers
lefloro01,97,19,0.836,1980,Expos
lefloro01,36,11,0.766,1981,White Sox
lefloro01,28,14,0.667,1982,White Sox
storytr01,8,5,0.615,2016,Rockies
storytr01,7,2,0.778,2017,Rockies
storytr01,27,6,0.818,2018,Rockies
storytr01,23,8,0.742,2019,Rockies
storytr01,15,3,0.833,2020,Rockies
storytr01,20,6,0.769,2021,Rockies
storytr01,13,0,1.0,2022,Red Sox
storytr01,10,3,0.769,2023,Red Sox
storytr01,6,3,0.667,2024,Red Sox
storytr01,31,1,0.969,2025,Red Sox
mayswi01,7,4,0.636,1951,Giants
mayswi01,4,1,0.8,1952,Giants
mayswi01,8,5,0.615,1954,Giants
mayswi01,24,4,0.857,1955,Giants
mayswi01,40,10,0.8,1956,Giants
mayswi01,38,19,0.667,1957,Giants
mayswi01,31,6,0.838,1958,Giants
mayswi01,27,4,0.871,1959,Giants
mayswi01,25,10,0.714,1960,Giants
mayswi01,18,9,0.667,1961,Giants
mayswi01,18,2,0.9,1962,Giants
mayswi01,8,3,0.727,1963,Giants
mayswi01,19,5,0.792,1964,Giants
mayswi01,9,4,0.692,1965,Giants
mayswi01,5,1,0.833,1966,Giants
mayswi01,6,0,1.0,1967,Giants
mayswi01,12,6,0.667,1968,Giants
mayswi01,6,2,0.75,1969,Giants
mayswi01,5,0,1.0,1970,Giants
mayswi01,23,3,0.885,1971,Giants
mayswi01,3,0,1.0,1972,Giants
mayswi01,1,5,0.167,1972,Mets
mayswi01,1,0,1.0,1973,Mets
turnetr01,2,2,0.5,2015,Nationals
turnetr01,33,6,0.846,2016,Nationals
turnetr01,46,8,0.852,2017,Nationals
turnetr01,43,9,0.827,2018,Nationals
turnetr01,35,5,0.875,2019,Nationals
turnetr01,12,4,0.75,2020,Nationals
turnetr01,21,3,0.875,2021,Nationals
turnetr01,11,2,0.846,2021,Dodgers
turnetr01,27,3,0.9,2022,Dodgers
turnetr01,30,0,1.0,2023,Phillies
turnetr01,19,4,0.826,2024,Phillies
turnetr01,36,7,0.837,2025,Phillies
taverfr01,0,0,0.0,1971,Pirates
taverfr01,0,0,0.0,1972,Pirates
taverfr01,13,4,0.765,1974,Pirates
taverfr01,17,6,0.739,1975,Pirates
taverfr01,58,11,0.841,1976,Pirates
taverfr01,70,18,0.795,1977,Pirates
taverfr01,46,25,0.648,1978,Pirates
taverfr01,2,1,0.667,1979,Pirates
taverfr01,42,19,0.689,1979,Mets
taverfr01,32,18,0.64,1980,Mets
taverfr01,16,4,0.8,1981,Mets
taverfr01,4,0,1.0,1982,Expos
verasqu01,56,21,0.727,1995,Marlins
verasqu01,8,8,0.5,1996,Marlins
verasqu01,33,12,0.733,1997,Padres
verasqu01,24,9,0.727,1998,Padres
verasqu01,30,17,0.638,1999,Padres
verasqu01,25,12,0.676,2000,Braves
verasqu01,7,4,0.636,2001,Braves
jethrsa01,35,9,0.795,1950,Braves
jethrsa01,35,5,0.875,1951,Braves
jethrsa01,28,9,0.757,1952,Braves
jethrsa01,0,0,0.0,1954,Pirates
patekfr01,18,7,0.72,1968,Pirates
patekfr01,15,8,0.652,1969,Pirates
patekfr01,8,2,0.8,1970,Pirates
patekfr01,49,14,0.778,1971,Royals
patekfr01,33,7,0.825,1972,Royals
patekfr01,36,14,0.72,1973,Royals
patekfr01,33,15,0.688,1974,Royals
patekfr01,32,7,0.821,1975,Royals
patekfr01,51,15,0.773,1976,Royals
patekfr01,53,13,0.803,1977,Royals
patekfr01,38,11,0.776,1978,Royals
patekfr01,11,12,0.478,1979,Royals
patekfr01,7,6,0.538,1980,Angels
patekfr01,1,0,1.0,1981,Angels
crosefr01,3,2,0.6,1932,Yankees
crosefr01,4,1,0.8,1933,Yankees
crosefr01,5,6,0.455,1934,Yankees
crosefr01,3,1,0.75,1935,Yankees
crosefr01,18,7,0.72,1936,Yankees
crosefr01,13,7,0.65,1937,Yankees
crosefr01,27,12,0.692,1938,Yankees
crosefr01,11,7,0.611,1939,Yankees
crosefr01,14,8,0.636,1940,Yankees
crosefr01,0,2,0.0,1941,Yankees
crosefr01,1,1,0.5,1942,Yankees
crosefr01,4,4,0.5,1943,Yankees
crosefr01,3,0,1.0,1944,Yankees
crosefr01,7,1,0.875,1945,Yankees
crosefr01,0,3,0.0,1946,Yankees
crosefr01,0,0,0.0,1947,Yankees
crosefr01,0,0,0.0,1948,Yankees
