Player ID,Team,Uniform Numbers,Salary
brocklo01,Team | Roster,Uniform Numbers,Salary
brocklo01,1961 Chicago Cubs,24,"$4,800.00"
brocklo01,1962 Chicago Cubs,24,"$8,000.00"
brocklo01,1963 Chicago Cubs,24,"$9,500.00"
brocklo01,1964 Chicago Cubs,24,"$12,000.00"
brocklo01,1964 St. Louis Cardinals,20,"$20,000.00"
brocklo01,1965 St. Louis Cardinals,20,"$27,500.00"
brocklo01,1966 St. Louis Cardinals,20,"$40,000.00"
brocklo01,1967 St. Louis Cardinals,20,"$65,000.00"
brocklo01,1968 St. Louis Cardinals,20,"$70,000.00"
brocklo01,1969 St. Louis Cardinals,20,"$80,000.00"
brocklo01,1970 St. Louis Cardinals,20,"$85,000.00"
brocklo01,1971 St. Louis Cardinals,20,"$110,000.00"
brocklo01,1972 St. Louis Cardinals,20,"$110,000.00"
brocklo01,1973 St. Louis Cardinals,20,"$110,000.00"
brocklo01,1974 St. Louis Cardinals,20,"$135,000.00"
brocklo01,1975 St. Louis Cardinals,20,"$180,000.00"
brocklo01,1976 St. Louis Cardinals,20,"$185,000.00"
brocklo01,1977 St. Louis Cardinals,20,"$150,000.00"
brocklo01,1978 St. Louis Cardinals,20,"$140,000.00"
brocklo01,1979 St. Louis Cardinals,20,"$125,000.00"
hoydu01,Team | Roster,Uniform Numbers,Salary
hoydu01,1888 Washington Senators,n/a,Undetermined
hoydu01,1889 Washington Senators,n/a,Undetermined
hoydu01,1890 Buffalo Bisons,n/a,Undetermined
hoydu01,1891 St. Louis Browns,n/a,Undetermined
hoydu01,1892 Washington Senators,n/a,Undetermined
hoydu01,1893 Washington Senators,n/a,Undetermined
hoydu01,1894 Cincinnati Reds,n/a,Undetermined
hoydu01,1895 Cincinnati Reds,n/a,Undetermined
hoydu01,1896 Cincinnati Reds,n/a,Undetermined
hoydu01,1897 Cincinnati Reds,n/a,Undetermined
hoydu01,1898 Louisville Colonels,n/a,Undetermined
hoydu01,1899 Louisville Colonels,n/a,Undetermined
hoydu01,1901 Chicago White Sox,n/a,Undetermined
hoydu01,1902 Cincinnati Reds,n/a,Undetermined
anderjo01,Team | Roster,Uniform Numbers,Salary
anderjo01,1894 Brooklyn Bridegrooms,n/a,Undetermined
anderjo01,1895 Brooklyn Bridegrooms,n/a,Undetermined
anderjo01,1896 Brooklyn Bridegrooms,n/a,Undetermined
anderjo01,1897 Brooklyn Bridegrooms,n/a,Undetermined
anderjo01,1898 Brooklyn Bridegrooms,n/a,Undetermined
anderjo01,1898 Washington Senators,n/a,Undetermined
anderjo01,1899 Brooklyn Superbas,n/a,Undetermined
anderjo01,1901 Milwaukee Brewers,n/a,Undetermined
anderjo01,1902 St. Louis Browns,n/a,Undetermined
anderjo01,1903 St. Louis Browns,n/a,Undetermined
anderjo01,1904 New York Highlanders,n/a,Undetermined
anderjo01,1905 New York Highlanders,n/a,Undetermined
anderjo01,1905 Washington Senators,n/a,Undetermined
anderjo01,1906 Washington Senators,n/a,Undetermined
anderjo01,1907 Washington Senators,n/a,Undetermined
anderjo01,1908 Chicago White Sox,n/a,Undetermined
stirnsn01,Team | Roster,Uniform Numbers,Salary
stirnsn01,1943 New York Yankees,2,"$5,500.00"
stirnsn01,1944 New York Yankees,2,"$8,500.00"
stirnsn01,1945 New York Yankees,1,"$16,000.00"
stirnsn01,1946 New York Yankees,1,"$16,000.00"
stirnsn01,1947 New York Yankees,1,"$16,000.00"
stirnsn01,1948 New York Yankees,1,"$16,000.00"
stirnsn01,1949 New York Yankees,1,"$17,500.00"
stirnsn01,1950 New York Yankees,1,"$17,500.00"
stirnsn01,1950 St. Louis Browns,2,"""     """
stirnsn01,1951 Cleveland Indians,5,"$15,500.00"
stirnsn01,1952 Cleveland Indians,5,"$13,000.00"
huntebr02,Team | Roster,Uniform Numbers,Salary
huntebr02,1994 Houston Astros,19,"$109,000.00"
huntebr02,1995 Houston Astros,19,"$109,000.00"
huntebr02,1996 Houston Astros,19,"$180,000.00"
huntebr02,1997 Detroit Tigers,21,"$310,000.00"
huntebr02,1998 Detroit Tigers,21,"$562,500.00"
huntebr02,1999 Detroit Tigers,21,"$1,750,000.00"
huntebr02,1999 Seattle Mariners,22,"""     """
huntebr02,2000 Colorado Rockies,12,"$300,000.00"
huntebr02,2000 Cincinnati Reds,44,"""     """
huntebr02,2001 Philadelphia Phillies,12,"$900,000.00"
huntebr02,2002 Houston Astros,21,"$1,000,000.00"
huntebr02,2003 Houston Astros,21,Undetermined
ricesa01,Team | Roster,Uniform Numbers,Salary
ricesa01,1915 Washington Senators,n/a,Undetermined
ricesa01,1916 Washington Senators,n/a,Undetermined
ricesa01,1917 Washington Senators,n/a,Undetermined
ricesa01,1918 Washington Senators,n/a,Undetermined
ricesa01,1919 Washington Senators,n/a,Undetermined
ricesa01,1920 Washington Senators,n/a,Undetermined
ricesa01,1921 Washington Senators,n/a,Undetermined
ricesa01,1922 Washington Senators,n/a,Undetermined
ricesa01,1923 Washington Senators,n/a,Undetermined
ricesa01,1924 Washington Senators,n/a,Undetermined
ricesa01,1925 Washington Senators,n/a,Undetermined
ricesa01,1926 Washington Senators,n/a,Undetermined
ricesa01,1927 Washington Senators,n/a,Undetermined
ricesa01,1928 Washington Senators,n/a,Undetermined
ricesa01,1929 Washington Senators,n/a,Undetermined
ricesa01,1930 Washington Senators,n/a,Undetermined
ricesa01,1931 Washington Senators,2,Undetermined
ricesa01,1932 Washington Senators,22,Undetermined
ricesa01,1933 Washington Senators,22,Undetermined
ricesa01,1934 Cleveland Indians,29,Undetermined
soriaal01,Team | Roster,Uniform Numbers,Salary
soriaal01,1999 New York Yankees,58,"$200,000.00"
soriaal01,2000 New York Yankees,"53, 33","$200,000.00"
soriaal01,2001 New York Yankees,33,"$630,000.00"
soriaal01,2002 New York Yankees,12,"$630,000.00"
soriaal01,2003 New York Yankees,12,"$800,000.00"
soriaal01,2004 Texas Rangers,12,"$5,400,000.00"
soriaal01,2005 Texas Rangers,12,"$7,500,000.00"
soriaal01,2006 Washington Nationals,12,"$10,000,000.00"
soriaal01,2007 Chicago Cubs,12,"$10,000,000.00"
soriaal01,2008 Chicago Cubs,12,"$14,000,000.00"
soriaal01,2009 Chicago Cubs,12,"$17,000,000.00"
soriaal01,2010 Chicago Cubs,12,"$19,000,000.00"
soriaal01,2011 Chicago Cubs,12,"$19,000,000.00"
soriaal01,2012 Chicago Cubs,12,"$18,000,000.00"
soriaal01,2013 Chicago Cubs,12,"$19,000,000.00"
soriaal01,2013 New York Yankees,12,"""     """
soriaal01,2014 New York Yankees,12,"$18,000,000.00"
vaughar01,Team | Roster,Uniform Numbers,Salary
vaughar01,1932 Pittsburgh Pirates,21,Undetermined
vaughar01,1933 Pittsburgh Pirates,21,Undetermined
vaughar01,1934 Pittsburgh Pirates,21,Undetermined
vaughar01,1935 Pittsburgh Pirates,21,Undetermined
vaughar01,1936 Pittsburgh Pirates,21,Undetermined
vaughar01,1937 Pittsburgh Pirates,21,Undetermined
vaughar01,1938 Pittsburgh Pirates,21,Undetermined
vaughar01,1939 Pittsburgh Pirates,21,Undetermined
vaughar01,1940 Pittsburgh Pirates,21,Undetermined
vaughar01,1941 Pittsburgh Pirates,21,Undetermined
vaughar01,1942 Brooklyn Dodgers,5,Undetermined
vaughar01,1943 Brooklyn Dodgers,5,Undetermined
vaughar01,1947 Brooklyn Dodgers,9,Undetermined
vaughar01,1948 Brooklyn Dodgers,9,Undetermined
colemvi01,Team | Roster,Uniform Numbers,Salary
colemvi01,1985 St. Louis Cardinals,29,"$60,000.00"
colemvi01,1986 St. Louis Cardinals,29,"$150,000.00"
colemvi01,1987 St. Louis Cardinals,29,"$160,000.00"
colemvi01,1988 St. Louis Cardinals,29,"$700,000.00"
colemvi01,1989 St. Louis Cardinals,29,"$775,000.00"
colemvi01,1990 St. Louis Cardinals,29,"$1,012,500.00"
colemvi01,1991 New York Mets,1,"$2,312,500.00"
colemvi01,1992 New York Mets,1,"$3,112,500.00"
colemvi01,1993 New York Mets,11,"$3,212,500.00"
colemvi01,1994 Kansas City Royals,29,"$3,312,500.00"
colemvi01,1995 Kansas City Royals,29,"$250,000.00"
colemvi01,1995 Seattle Mariners,29,"""     """
colemvi01,1996 Cincinnati Reds,30,"$500,000.00"
colemvi01,1997 Detroit Tigers,29,"$500,000.00"
loftoke01,Team | Roster,Uniform Numbers,Salary
loftoke01,1991 Houston Astros,28,"$100,000.00"
loftoke01,1992 Cleveland Indians,7,"$110,000.00"
loftoke01,1993 Cleveland Indians,7,"$450,000.00"
loftoke01,1994 Cleveland Indians,7,"$925,000.00"
loftoke01,1995 Cleveland Indians,7,"$1,925,000.00"
loftoke01,1996 Cleveland Indians,7,"$3,575,000.00"
loftoke01,1997 Atlanta Braves,7,"$4,825,000.00"
loftoke01,1998 Cleveland Indians,7,"$7,550,000.00"
loftoke01,1999 Cleveland Indians,7,"$7,550,000.00"
loftoke01,2000 Cleveland Indians,7,"$7,500,000.00"
loftoke01,2001 Cleveland Indians,7,"$8,000,000.00"
loftoke01,2002 Chicago White Sox,1,"$1,025,000.00"
loftoke01,2002 San Francisco Giants,1,"""     """
loftoke01,2003 Pittsburgh Pirates,7,"$1,025,000.00"
loftoke01,2003 Chicago Cubs,7,"""     """
loftoke01,2004 New York Yankees,12,"$2,985,551.00"
loftoke01,2005 Philadelphia Phillies,7,"$2,915,908.00"
loftoke01,2006 Los Angeles Dodgers,6,"$3,826,421.00"
loftoke01,2007 Texas Rangers,7,"$6,000,000.00"
loftoke01,2007 Cleveland Indians,7,"""     """
galanau01,Team | Roster,Uniform Numbers,Salary
galanau01,1934 Chicago Cubs,31,Undetermined
galanau01,1935 Chicago Cubs,51,Undetermined
galanau01,1936 Chicago Cubs,51,Undetermined
galanau01,1937 Chicago Cubs,7,Undetermined
galanau01,1938 Chicago Cubs,7,Undetermined
galanau01,1939 Chicago Cubs,7,Undetermined
galanau01,1940 Chicago Cubs,7,Undetermined
galanau01,1941 Chicago Cubs,7,Undetermined
galanau01,1941 Brooklyn Dodgers,24,Undetermined
galanau01,1942 Brooklyn Dodgers,24,Undetermined
galanau01,1943 Brooklyn Dodgers,24,Undetermined
galanau01,1944 Brooklyn Dodgers,24,Undetermined
galanau01,1945 Brooklyn Dodgers,24,Undetermined
galanau01,1946 Brooklyn Dodgers,24,Undetermined
galanau01,1947 Cincinnati Reds,23,Undetermined
galanau01,1948 Cincinnati Reds,23,Undetermined
galanau01,1949 New York Giants,29,Undetermined
galanau01,1949 Philadelphia Athletics,34,Undetermined
hartsto01,Team | Roster,Uniform Numbers,Salary
hartsto01,1898 Louisville Colonels,n/a,Undetermined
hartsto01,1899 Louisville Colonels,n/a,Undetermined
hartsto01,1900 Cincinnati Reds,n/a,Undetermined
hartsto01,1901 Chicago Orphans,n/a,Undetermined
hartsto01,1902 Philadelphia Athletics,n/a,Undetermined
hartsto01,1903 Philadelphia Athletics,n/a,Undetermined
hartsto01,1904 Philadelphia Athletics,n/a,Undetermined
hartsto01,1905 Philadelphia Athletics,n/a,Undetermined
hartsto01,1906 Philadelphia Athletics,n/a,Undetermined
hartsto01,1907 Philadelphia Athletics,n/a,Undetermined
hartsto01,1908 Philadelphia Athletics,n/a,Undetermined
hartsto01,1909 Philadelphia Athletics,n/a,Undetermined
hartsto01,1910 Philadelphia Athletics,n/a,Undetermined
hartsto01,1911 Philadelphia Athletics,n/a,Undetermined
hackst01,Team | Roster,Uniform Numbers,Salary
hackst01,1932 Chicago Cubs,31,Undetermined
hackst01,1933 Chicago Cubs,49,Undetermined
hackst01,1934 Chicago Cubs,34,Undetermined
hackst01,1935 Chicago Cubs,39,Undetermined
hackst01,1936 Chicago Cubs,39,Undetermined
hackst01,1937 Chicago Cubs,6,Undetermined
hackst01,1938 Chicago Cubs,6,Undetermined
hackst01,1939 Chicago Cubs,6,Undetermined
hackst01,1940 Chicago Cubs,6,Undetermined
hackst01,1941 Chicago Cubs,6,Undetermined
hackst01,1942 Chicago Cubs,6,Undetermined
hackst01,1943 Chicago Cubs,20,Undetermined
hackst01,1944 Chicago Cubs,25,Undetermined
hackst01,1945 Chicago Cubs,6,Undetermined
hackst01,1946 Chicago Cubs,6,Undetermined
hackst01,1947 Chicago Cubs,6,Undetermined
bayha01,Team | Roster,Uniform Numbers,Salary
bayha01,1901 Cincinnati Reds,n/a,Undetermined
bayha01,1902 Cincinnati Reds,n/a,Undetermined
bayha01,1902 Cleveland Blues,n/a,Undetermined
bayha01,1903 Cleveland Blues,n/a,Undetermined
bayha01,1904 Cleveland Blues,n/a,Undetermined
bayha01,1905 Cleveland Naps,n/a,Undetermined
bayha01,1906 Cleveland Naps,n/a,Undetermined
bayha01,1907 Cleveland Naps,n/a,Undetermined
bayha01,1908 Cleveland Naps,n/a,Undetermined
harpeto01,Team | Roster,Uniform Numbers,Salary
harpeto01,1962 Cincinnati Reds,14,Undetermined
harpeto01,1963 Cincinnati Reds,17,Undetermined
harpeto01,1964 Cincinnati Reds,17,"$10,000.00"
harpeto01,1965 Cincinnati Reds,17,Undetermined
harpeto01,1966 Cincinnati Reds,17,Undetermined
harpeto01,1967 Cincinnati Reds,17,"$25,000.00"
harpeto01,1968 Cleveland Indians,21,"$25,000.00"
harpeto01,1969 Seattle Pilots,21,"$25,000.00"
harpeto01,1970 Milwaukee Brewers,21,Undetermined
harpeto01,1971 Milwaukee Brewers,21,Undetermined
harpeto01,1972 Boston Red Sox,4,Undetermined
harpeto01,1973 Boston Red Sox,4,"$68,000.00"
harpeto01,1974 Boston Red Sox,4,"$90,000.00"
harpeto01,1975 California Angels,31,Undetermined
harpeto01,1975 Oakland Athletics,21,Undetermined
harpeto01,1976 Baltimore Orioles,12,Undetermined
campabe01,Team | Roster,Uniform Numbers,Salary
campabe01,1964 Kansas City Athletics,19,"$11,500.00"
campabe01,1965 Kansas City Athletics,19,"$12,500.00"
campabe01,1966 Kansas City Athletics,19,"$13,500.00"
campabe01,1967 Kansas City Athletics,19,"$20,000.00"
campabe01,1968 Oakland Athletics,19,"$30,000.00"
campabe01,1969 Oakland Athletics,19,"$35,000.00"
campabe01,1970 Oakland Athletics,19,"$40,000.00"
campabe01,1971 Oakland Athletics,19,"$56,000.00"
campabe01,1972 Oakland Athletics,19,"$56,000.00"
campabe01,1973 Oakland Athletics,19,"$65,000.00"
campabe01,1974 Oakland Athletics,19,"$65,000.00"
campabe01,1975 Oakland Athletics,19,"$100,000.00"
campabe01,1976 Oakland Athletics,19,"$72,000.00"
campabe01,1977 Texas Rangers,19,"$190,000.00"
campabe01,1978 Texas Rangers,19,"$190,000.00"
campabe01,1979 Texas Rangers,19,"$190,000.00"
campabe01,1979 California Angels,19,"""     """
campabe01,1980 California Angels,19,"$190,000.00"
campabe01,1981 California Angels,19,"$190,000.00"
campabe01,1983 New York Yankees,56,"$175,000.00"
sheckji01,Team | Roster,Uniform Numbers,Salary
sheckji01,1897 Brooklyn Bridegrooms,n/a,Undetermined
sheckji01,1898 Brooklyn Bridegrooms,n/a,Undetermined
sheckji01,1899 Baltimore Orioles,n/a,Undetermined
sheckji01,1900 Brooklyn Superbas,n/a,Undetermined
sheckji01,1901 Brooklyn Superbas,n/a,Undetermined
sheckji01,1902 Baltimore Orioles,n/a,Undetermined
sheckji01,1902 Brooklyn Superbas,n/a,Undetermined
sheckji01,1903 Brooklyn Superbas,n/a,Undetermined
sheckji01,1904 Brooklyn Superbas,n/a,Undetermined
sheckji01,1905 Brooklyn Superbas,n/a,Undetermined
sheckji01,1906 Chicago Cubs,n/a,Undetermined
sheckji01,1907 Chicago Cubs,n/a,Undetermined
sheckji01,1908 Chicago Cubs,n/a,Undetermined
sheckji01,1909 Chicago Cubs,n/a,Undetermined
sheckji01,1910 Chicago Cubs,n/a,Undetermined
sheckji01,1911 Chicago Cubs,n/a,Undetermined
sheckji01,1912 Chicago Cubs,n/a,Undetermined
sheckji01,1913 St. Louis Cardinals,n/a,Undetermined
sheckji01,1913 Cincinnati Reds,n/a,Undetermined
grissma02,Team | Roster,Uniform Numbers,Salary
grissma02,1989 Montreal Expos,9,"$68,000.00"
grissma02,1990 Montreal Expos,9,"$103,500.00"
grissma02,1991 Montreal Expos,9,"$100,000.00"
grissma02,1992 Montreal Expos,9,"$300,000.00"
grissma02,1993 Montreal Expos,9,"$1,500,000.00"
grissma02,1994 Montreal Expos,9,"$3,575,000.00"
grissma02,1995 Atlanta Braves,9,"$4,950,000.00"
grissma02,1996 Atlanta Braves,9,"$4,850,000.00"
grissma02,1997 Cleveland Indians,17,"$4,850,000.00"
grissma02,1998 Milwaukee Brewers,9,"$5,000,000.00"
grissma02,1999 Milwaukee Brewers,9,"$5,000,000.00"
grissma02,2000 Milwaukee Brewers,9,"$5,000,000.00"
grissma02,2001 Los Angeles Dodgers,9,"$5,000,000.00"
grissma02,2002 Los Angeles Dodgers,9,"$5,000,000.00"
grissma02,2003 San Francisco Giants,9,"$1,875,000.00"
grissma02,2004 San Francisco Giants,9,"$2,125,000.00"
grissma02,2005 San Francisco Giants,9,"$2,750,000.00"
henderi01,Team | Roster,Uniform Numbers,Salary
henderi01,1979 Oakland Athletics,"39, 35","$21,000.00"
henderi01,1980 Oakland Athletics,35,"$30,000.00"
henderi01,1981 Oakland Athletics,35,"$185,000.00"
henderi01,1982 Oakland Athletics,35,"$535,000.00"
henderi01,1983 Oakland Athletics,35,"$800,000.00"
henderi01,1984 Oakland Athletics,35,"$950,000.00"
henderi01,1985 New York Yankees,24,"$1,470,000.00"
henderi01,1986 New York Yankees,24,"$1,570,000.00"
henderi01,1987 New York Yankees,24,"$1,670,000.00"
henderi01,1988 New York Yankees,24,"$1,770,000.00"
henderi01,1989 New York Yankees,24,"$2,120,000.00"
henderi01,1989 Oakland Athletics,"22, 24","""     """
henderi01,1990 Oakland Athletics,24,"$2,350,000.00"
henderi01,1991 Oakland Athletics,24,"$3,250,000.00"
henderi01,1992 Oakland Athletics,24,"$3,250,000.00"
henderi01,1993 Oakland Athletics,24,"$3,550,000.00"
henderi01,1993 Toronto Blue Jays,"14, 24","""     """
henderi01,1994 Oakland Athletics,24,"$4,800,000.00"
henderi01,1995 Oakland Athletics,24,"$3,800,000.00"
henderi01,1996 San Diego Padres,24,"$3,250,000.00"
henderi01,1997 San Diego Padres,24,"$3,045,000.00"
henderi01,1997 Anaheim Angels,24,"""     """
henderi01,1998 Oakland Athletics,24,"$1,150,000.00"
henderi01,1999 New York Mets,24,"$1,900,000.00"
henderi01,2000 New York Mets,24,"$2,000,000.00"
henderi01,2000 Seattle Mariners,35,"""     """
henderi01,2001 San Diego Padres,24,"$300,000.00"
henderi01,2002 Boston Red Sox,35,"$350,000.00"
henderi01,2003 Los Angeles Dodgers,25,"$350,000.00"
troutmi01,Team | Roster,Uniform Numbers,Salary
troutmi01,2011 Los Angeles Angels,27,"$414,000.00"
troutmi01,2012 Los Angeles Angels,27,"$480,000.00"
troutmi01,2013 Los Angeles Angels,27,"$510,000.00"
troutmi01,2014 Los Angeles Angels,27,"$1,000,000.00"
troutmi01,2015 Los Angeles Angels,27,"$6,083,000.00"
troutmi01,2016 Los Angeles Angels,27,"$16,083,000.00"
troutmi01,2017 Los Angeles Angels,27,"$20,083,000.00"
troutmi01,2018 Los Angeles Angels,27,"$34,083,000.00"
troutmi01,2019 Los Angeles Angels,27,"$36,833,333.00"
troutmi01,2020 Los Angeles Angels,27,"$13,936,666.00"
troutmi01,2021 Los Angeles Angels,27,"$35,450,000.00"
troutmi01,2022 Los Angeles Angels,27,"$37,116,666.00"
troutmi01,2023 Los Angeles Angels,27,"$37,116,667.00"
troutmi01,2024 Los Angeles Angels,27,"$37,116,667.00"
troutmi01,2025 Los Angeles Angels,27,"$37,116,667.00"
damonjo01,Team | Roster,Uniform Numbers,Salary
damonjo01,1995 Kansas City Royals,51,"$109,000.00"
damonjo01,1996 Kansas City Royals,18,"$180,000.00"
damonjo01,1997 Kansas City Royals,18,"$240,000.00"
damonjo01,1998 Kansas City Royals,18,"$460,000.00"
damonjo01,1999 Kansas City Royals,18,"$2,100,000.00"
damonjo01,2000 Kansas City Royals,18,"$4,000,000.00"
damonjo01,2001 Oakland Athletics,8,"$7,100,000.00"
damonjo01,2002 Boston Red Sox,18,"$7,250,000.00"
damonjo01,2003 Boston Red Sox,18,"$7,500,000.00"
damonjo01,2004 Boston Red Sox,18,"$8,000,000.00"
damonjo01,2005 Boston Red Sox,18,"$8,250,000.00"
damonjo01,2006 New York Yankees,18,"$13,000,000.00"
damonjo01,2007 New York Yankees,18,"$13,000,000.00"
damonjo01,2008 New York Yankees,18,"$13,000,000.00"
damonjo01,2009 New York Yankees,18,"$13,000,000.00"
damonjo01,2010 Detroit Tigers,18,"$8,000,000.00"
damonjo01,2011 Tampa Bay Rays,22,"$5,250,000.00"
damonjo01,2012 Cleveland Indians,33,"$1,250,000.00"
cabaljo01,Team | Roster,Uniform Numbers,Salary
cabaljo01,2023 Seattle Mariners,76,"$720,000.00"
cabaljo01,2024 Tampa Bay Rays,7,"$751,700.00"
cabaljo01,2025 Tampa Bay Rays,77,"$776,800.00"
cabaljo01,2025 New York Yankees,72,"""     """
chapmbe01,Team | Roster,Uniform Numbers,Salary
chapmbe01,1930 New York Yankees,7,"$4,500.00"
chapmbe01,1931 New York Yankees,7,"$7,500.00"
chapmbe01,1932 New York Yankees,6,"$12,000.00"
chapmbe01,1933 New York Yankees,6,"$11,000.00"
chapmbe01,1934 New York Yankees,7,"$11,000.00"
chapmbe01,1935 New York Yankees,7,"$12,000.00"
chapmbe01,1936 New York Yankees,7,"$10,000.00"
chapmbe01,1936 Washington Senators,4,"""     """
chapmbe01,1937 Washington Senators,4,"$13,000.00"
chapmbe01,1937 Boston Red Sox,1,"""     """
chapmbe01,1938 Boston Red Sox,9,"$12,500.00"
chapmbe01,1939 Cleveland Indians,"2, 11","$15,000.00"
chapmbe01,1940 Cleveland Indians,"11, 44","$15,000.00"
chapmbe01,1941 Washington Senators,4,"$12,000.00"
chapmbe01,1941 Chicago White Sox,45,"""     """
chapmbe01,1944 Brooklyn Dodgers,5,Undetermined
chapmbe01,1945 Brooklyn Dodgers,5,Undetermined
chapmbe01,1945 Philadelphia Phillies,34,Undetermined
chapmbe01,1946 Philadelphia Phillies,7,Undetermined
aparilu01,Team | Roster,Uniform Numbers,Salary
aparilu01,1956 Chicago White Sox,11,"$6,000.00"
aparilu01,1957 Chicago White Sox,11,"$12,000.00"
aparilu01,1958 Chicago White Sox,11,"$18,000.00"
aparilu01,1959 Chicago White Sox,11,"$25,000.00"
aparilu01,1960 Chicago White Sox,11,"$18,750.00"
aparilu01,1961 Chicago White Sox,11,"$28,500.00"
aparilu01,1962 Chicago White Sox,11,"$35,000.00"
aparilu01,1963 Baltimore Orioles,11,"$35,000.00"
aparilu01,1964 Baltimore Orioles,11,"$35,000.00"
aparilu01,1965 Baltimore Orioles,11,"$40,000.00"
aparilu01,1966 Baltimore Orioles,11,"$37,500.00"
aparilu01,1967 Baltimore Orioles,11,"$50,000.00"
aparilu01,1968 Chicago White Sox,11,"$38,000.00"
aparilu01,1969 Chicago White Sox,11,"$38,000.00"
aparilu01,1970 Chicago White Sox,11,"$38,000.00"
aparilu01,1971 Boston Red Sox,11,"$100,000.00"
aparilu01,1972 Boston Red Sox,11,"$100,000.00"
aparilu01,1973 Boston Red Sox,11,"$100,000.00"
gordode01,Team | Roster,Uniform Numbers,Salary
gordode01,2011 Los Angeles Dodgers,9,"$425,000.00"
gordode01,2012 Los Angeles Dodgers,9,"$485,000.00"
gordode01,2013 Los Angeles Dodgers,9,"$501,000.00"
gordode01,2014 Los Angeles Dodgers,9,"$515,000.00"
gordode01,2015 Miami Marlins,9,"$2,500,000.00"
gordode01,2016 Miami Marlins,9,"$3,300,000.00"
gordode01,2017 Miami Marlins,9,"$7,800,000.00"
gordode01,2018 Seattle Mariners,9,"$10,800,000.00"
gordode01,2019 Seattle Mariners,9,"$13,300,000.00"
gordode01,2020 Seattle Mariners,9,"$5,106,000.00"
gordode01,2022 Washington Nationals,9,Undetermined
mondera02,Team | Roster,Uniform Numbers,Salary
mondera02,2015 Kansas City Royals,27,"$507,500.00"
mondera02,2016 Kansas City Royals,27,"$508,100.00"
mondera02,2017 Kansas City Royals,27,"$537,250.00"
mondera02,2018 Kansas City Royals,27,"$550,000.00"
mondera02,2019 Kansas City Royals,27,"$576,000.00"
mondera02,2020 Kansas City Royals,27,"$223,665.00"
mondera02,2021 Kansas City Royals,27,"$2,525,000.00"
mondera02,2022 Kansas City Royals,27,"$3,000,000.00"
crawfca02,Team | Roster,Uniform Numbers,Salary
crawfca02,2002 Tampa Bay Devil Rays,8,"$200,000.00"
crawfca02,2003 Tampa Bay Devil Rays,13,"$300,000.00"
crawfca02,2004 Tampa Bay Devil Rays,13,"$320,000.00"
crawfca02,2005 Tampa Bay Devil Rays,13,"$625,000.00"
crawfca02,2006 Tampa Bay Devil Rays,13,"$2,625,000.00"
crawfca02,2007 Tampa Bay Devil Rays,13,"$4,125,000.00"
crawfca02,2008 Tampa Bay Rays,13,"$5,375,000.00"
crawfca02,2009 Tampa Bay Rays,13,"$8,250,000.00"
crawfca02,2010 Tampa Bay Rays,13,"$10,000,000.00"
crawfca02,2011 Boston Red Sox,13,"$14,000,000.00"
crawfca02,2012 Boston Red Sox,13,"$20,357,142.00"
crawfca02,2013 Los Angeles Dodgers,25,"$20,000,000.00"
crawfca02,2014 Los Angeles Dodgers,3,"$20,250,000.00"
crawfca02,2015 Los Angeles Dodgers,3,"$21,357,000.00"
crawfca02,2016 Los Angeles Dodgers,3,"$21,607,000.00"
otisam01,Team | Roster,Uniform Numbers,Salary
otisam01,1967 New York Mets,25,Undetermined
otisam01,1969 New York Mets,25,Undetermined
otisam01,1970 Kansas City Royals,26,Undetermined
otisam01,1971 Kansas City Royals,26,Undetermined
otisam01,1972 Kansas City Royals,26,Undetermined
otisam01,1973 Kansas City Royals,26,Undetermined
otisam01,1974 Kansas City Royals,26,Undetermined
otisam01,1975 Kansas City Royals,26,"$140,000.00"
otisam01,1976 Kansas City Royals,26,"$155,000.00"
otisam01,1977 Kansas City Royals,26,"$170,000.00"
otisam01,1978 Kansas City Royals,26,Undetermined
otisam01,1979 Kansas City Royals,26,Undetermined
otisam01,1980 Kansas City Royals,26,Undetermined
otisam01,1981 Kansas City Royals,26,Undetermined
otisam01,1982 Kansas City Royals,26,Undetermined
otisam01,1983 Kansas City Royals,26,Undetermined
otisam01,1984 Pittsburgh Pirates,26,Undetermined
chancfr01,Team | Roster,Uniform Numbers,Salary
chancfr01,1898 Chicago Orphans,n/a,Undetermined
chancfr01,1899 Chicago Orphans,n/a,Undetermined
chancfr01,1900 Chicago Orphans,n/a,Undetermined
chancfr01,1901 Chicago Orphans,n/a,Undetermined
chancfr01,1902 Chicago Cubs,n/a,Undetermined
chancfr01,1903 Chicago Cubs,n/a,Undetermined
chancfr01,1904 Chicago Cubs,n/a,Undetermined
chancfr01,1905 Chicago Cubs,n/a,Undetermined
chancfr01,1906 Chicago Cubs,n/a,Undetermined
chancfr01,1907 Chicago Cubs,n/a,Undetermined
chancfr01,1908 Chicago Cubs,n/a,Undetermined
chancfr01,1909 Chicago Cubs,n/a,Undetermined
chancfr01,1910 Chicago Cubs,n/a,Undetermined
chancfr01,1911 Chicago Cubs,n/a,Undetermined
chancfr01,1912 Chicago Cubs,n/a,Undetermined
chancfr01,1913 New York Yankees,n/a,"$25,000.00"
chancfr01,1914 New York Yankees,n/a,Undetermined
werbebi01,Team | Roster,Uniform Numbers,Salary
werbebi01,1930 New York Yankees,20,"$2,700.00"
werbebi01,1933 New York Yankees,24,"$3,500.00"
werbebi01,1933 Boston Red Sox,22,"""     """
werbebi01,1934 Boston Red Sox,20,Undetermined
werbebi01,1935 Boston Red Sox,2,Undetermined
werbebi01,1936 Boston Red Sox,"2, 5",Undetermined
werbebi01,1937 Philadelphia Athletics,5,"$9,000.00"
werbebi01,1938 Philadelphia Athletics,3,"$10,000.00"
werbebi01,1939 Cincinnati Reds,18,Undetermined
werbebi01,1940 Cincinnati Reds,18,Undetermined
werbebi01,1941 Cincinnati Reds,18,Undetermined
werbebi01,1942 New York Giants,1,"$13,000.00"
northbi01,Team | Roster,Uniform Numbers,Salary
northbi01,1971 Chicago Cubs,25,"$12,750.00"
northbi01,1972 Chicago Cubs,25,"$11,000.00"
northbi01,1973 Oakland Athletics,4,"$20,000.00"
northbi01,1974 Oakland Athletics,4,Undetermined
northbi01,1975 Oakland Athletics,4,Undetermined
northbi01,1976 Oakland Athletics,4,"$70,000.00"
northbi01,1977 Oakland Athletics,4,"$82,000.00"
northbi01,1978 Oakland Athletics,4,Undetermined
northbi01,1978 Los Angeles Dodgers,4,Undetermined
northbi01,1979 San Francisco Giants,36,Undetermined
northbi01,1980 San Francisco Giants,36,Undetermined
northbi01,1981 San Francisco Giants,36,Undetermined
jenseja01,Team | Roster,Uniform Numbers,Salary
jenseja01,1950 New York Yankees,40,Undetermined
jenseja01,1951 New York Yankees,"40, 27",Undetermined
jenseja01,1952 New York Yankees,25,Undetermined
jenseja01,1952 Washington Senators,8,Undetermined
jenseja01,1953 Washington Senators,4,Undetermined
jenseja01,1954 Boston Red Sox,30,Undetermined
jenseja01,1955 Boston Red Sox,4,Undetermined
jenseja01,1956 Boston Red Sox,4,Undetermined
jenseja01,1957 Boston Red Sox,4,Undetermined
jenseja01,1958 Boston Red Sox,4,Undetermined
jenseja01,1959 Boston Red Sox,4,"$38,000.00"
jenseja01,1961 Boston Red Sox,4,"$40,000.00"
mateojo01,Team | Roster,Uniform Numbers,Salary
mateojo01,2020 San Diego Padres,3,"$208,495.00"
mateojo01,2021 San Diego Padres,3,"$572,000.00"
mateojo01,2021 Baltimore Orioles,26,"""     """
mateojo01,2022 Baltimore Orioles,3,"$709,500.00"
mateojo01,2023 Baltimore Orioles,3,"$2,000,000.00"
mateojo01,2024 Baltimore Orioles,3,"$2,700,000.00"
mateojo01,2025 Baltimore Orioles,3,"$3,550,000.00"
villajo01,Team | Roster,Uniform Numbers,Salary
villajo01,2013 Houston Astros,6,"$490,000.00"
villajo01,2014 Houston Astros,"6, 2","$503,800.00"
villajo01,2015 Houston Astros,2,"$509,400.00"
villajo01,2016 Milwaukee Brewers,5,"$512,900.00"
villajo01,2017 Milwaukee Brewers,5,"$554,500.00"
villajo01,2018 Milwaukee Brewers,5,"$2,550,000.00"
villajo01,2018 Baltimore Orioles,"34, 2","""     """
villajo01,2019 Baltimore Orioles,2,"$4,825,000.00"
villajo01,2020 Miami Marlins,2,"$3,034,000.00"
villajo01,2020 Toronto Blue Jays,"20, 30","""     """
villajo01,2021 New York Mets,1,"$3,550,000.00"
villajo01,2022 Chicago Cubs,24,"$4,500,000.00"
villajo01,2022 Los Angeles Angels,19,"""     """
ruizes01,Team | Roster,Uniform Numbers,Salary
ruizes01,2022 San Diego Padres,43,"$700,000.00"
ruizes01,2022 Milwaukee Brewers,13,"""     """
ruizes01,2023 Oakland Athletics,1,"$720,000.00"
ruizes01,2024 Oakland Athletics,1,"$745,250.00"
ruizes01,2025 Los Angeles Dodgers,27,"$815,000.00"
maisefr01,Team | Roster,Uniform Numbers,Salary
maisefr01,1913 New York Yankees,n/a,"$2,100.00"
maisefr01,1914 New York Yankees,n/a,Undetermined
maisefr01,1915 New York Yankees,n/a,"$4,800.00"
maisefr01,1916 New York Yankees,n/a,"$4,800.00"
maisefr01,1917 New York Yankees,n/a,"$4,800.00"
maisefr01,1918 St. Louis Browns,n/a,"$6,000.00"
delacel01,Team | Roster,Uniform Numbers,Salary
delacel01,2023 Cincinnati Reds,44,"$720,000.00"
delacel01,2024 Cincinnati Reds,44,"$742,500.00"
delacel01,2025 Cincinnati Reds,44,"$770,000.00"
reynoha01,Team | Roster,Uniform Numbers,Salary
reynoha01,1983 Seattle Mariners,18,"$35,000.00"
reynoha01,1984 Seattle Mariners,4,"$40,000.00"
reynoha01,1985 Seattle Mariners,24,"$60,000.00"
reynoha01,1986 Seattle Mariners,19,"$85,000.00"
reynoha01,1987 Seattle Mariners,4,"$122,500.00"
reynoha01,1988 Seattle Mariners,4,"$200,000.00"
reynoha01,1989 Seattle Mariners,4,"$635,000.00"
reynoha01,1990 Seattle Mariners,4,"$966,667.00"
reynoha01,1991 Seattle Mariners,4,"$1,866,666.00"
reynoha01,1992 Seattle Mariners,4,"$2,166,666.00"
reynoha01,1993 Baltimore Orioles,"6, 25","$1,650,000.00"
reynoha01,1994 California Angels,3,"$230,000.00"
tolanbo01,Team | Roster,Uniform Numbers,Salary
tolanbo01,1965 St. Louis Cardinals,17,Undetermined
tolanbo01,1966 St. Louis Cardinals,17,Undetermined
tolanbo01,1967 St. Louis Cardinals,17,Undetermined
tolanbo01,1968 St. Louis Cardinals,17,Undetermined
tolanbo01,1969 Cincinnati Reds,28,Undetermined
tolanbo01,1970 Cincinnati Reds,28,Undetermined
tolanbo01,1972 Cincinnati Reds,28,Undetermined
tolanbo01,1973 Cincinnati Reds,28,"$65,000.00"
tolanbo01,1974 San Diego Padres,28,"$76,000.00"
tolanbo01,1975 San Diego Padres,28,"$84,000.00"
tolanbo01,1976 Philadelphia Phillies,28,Undetermined
tolanbo01,1977 Philadelphia Phillies,28,Undetermined
tolanbo01,1977 Pittsburgh Pirates,24,"$20,000.00"
tolanbo01,1979 San Diego Padres,28,Undetermined
cuyleki01,Team | Roster,Uniform Numbers,Salary
cuyleki01,1921 Pittsburgh Pirates,n/a,Undetermined
cuyleki01,1922 Pittsburgh Pirates,n/a,Undetermined
cuyleki01,1923 Pittsburgh Pirates,n/a,Undetermined
cuyleki01,1924 Pittsburgh Pirates,n/a,Undetermined
cuyleki01,1925 Pittsburgh Pirates,n/a,"$6,000.00"
cuyleki01,1926 Pittsburgh Pirates,n/a,"$10,000.00"
cuyleki01,1927 Pittsburgh Pirates,n/a,Undetermined
cuyleki01,1928 Chicago Cubs,n/a,Undetermined
cuyleki01,1929 Chicago Cubs,n/a,Undetermined
cuyleki01,1930 Chicago Cubs,n/a,"$17,000.00"
cuyleki01,1931 Chicago Cubs,n/a,Undetermined
cuyleki01,1932 Chicago Cubs,3,Undetermined
cuyleki01,1933 Chicago Cubs,3,Undetermined
cuyleki01,1934 Chicago Cubs,3,Undetermined
cuyleki01,1935 Chicago Cubs,3,Undetermined
cuyleki01,1935 Cincinnati Reds,8,Undetermined
cuyleki01,1936 Cincinnati Reds,4,Undetermined
cuyleki01,1937 Cincinnati Reds,4,"$10,000.00"
cuyleki01,1938 Brooklyn Dodgers,25,Undetermined
rivermi01,Team | Roster,Uniform Numbers,Salary
rivermi01,1970 California Angels,3,"$12,000.00"
rivermi01,1971 California Angels,5,"$12,750.00"
rivermi01,1972 California Angels,5,"$13,500.00"
rivermi01,1973 California Angels,"5, 17","$25,200.00"
rivermi01,1974 California Angels,17,"$35,200.00"
rivermi01,1975 California Angels,17,"$55,000.00"
rivermi01,1976 New York Yankees,17,"$100,000.00"
rivermi01,1977 New York Yankees,17,"$133,333.00"
rivermi01,1978 New York Yankees,17,"$133,333.00"
rivermi01,1979 New York Yankees,17,"$133,333.00"
rivermi01,1979 Texas Rangers,17,Undetermined
rivermi01,1980 Texas Rangers,17,Undetermined
rivermi01,1981 Texas Rangers,17,Undetermined
rivermi01,1982 Texas Rangers,17,Undetermined
rivermi01,1983 Texas Rangers,17,Undetermined
rivermi01,1984 Texas Rangers,17,Undetermined
lopesda01,Team | Roster,Uniform Numbers,Salary
lopesda01,1972 Los Angeles Dodgers,15,"$13,500.00"
lopesda01,1973 Los Angeles Dodgers,15,"$15,000.00"
lopesda01,1974 Los Angeles Dodgers,15,"$25,000.00"
lopesda01,1975 Los Angeles Dodgers,15,"$80,000.00"
lopesda01,1976 Los Angeles Dodgers,15,"$115,000.00"
lopesda01,1977 Los Angeles Dodgers,15,"$125,000.00"
lopesda01,1978 Los Angeles Dodgers,15,"$135,000.00"
lopesda01,1979 Los Angeles Dodgers,15,Undetermined
lopesda01,1980 Los Angeles Dodgers,15,Undetermined
lopesda01,1981 Los Angeles Dodgers,15,Undetermined
lopesda01,1982 Oakland Athletics,15,"$325,000.00"
lopesda01,1983 Oakland Athletics,15,"$350,000.00"
lopesda01,1984 Oakland Athletics,15,"$450,000.00"
lopesda01,1984 Chicago Cubs,12,"""     """
lopesda01,1985 Chicago Cubs,15,"$490,000.00"
lopesda01,1986 Chicago Cubs,15,"$490,000.00"
lopesda01,1986 Houston Astros,11,"""     """
lopesda01,1987 Houston Astros,15,"$550,000.00"
hoffmda01,Team | Roster,Uniform Numbers,Salary
hoffmda01,1903 Philadelphia Athletics,n/a,Undetermined
hoffmda01,1904 Philadelphia Athletics,n/a,Undetermined
hoffmda01,1905 Philadelphia Athletics,n/a,Undetermined
hoffmda01,1906 Philadelphia Athletics,n/a,Undetermined
hoffmda01,1906 New York Highlanders,n/a,Undetermined
hoffmda01,1907 New York Highlanders,n/a,Undetermined
hoffmda01,1908 St. Louis Browns,n/a,Undetermined
hoffmda01,1909 St. Louis Browns,n/a,Undetermined
hoffmda01,1910 St. Louis Browns,n/a,Undetermined
hoffmda01,1911 St. Louis Browns,n/a,Undetermined
crispco01,Team | Roster,Uniform Numbers,Salary
crispco01,2002 Cleveland Indians,10,"$200,000.00"
crispco01,2003 Cleveland Indians,10,"$300,000.00"
crispco01,2004 Cleveland Indians,10,"$319,400.00"
crispco01,2005 Cleveland Indians,10,"$364,900.00"
crispco01,2006 Boston Red Sox,10,"$2,750,000.00"
crispco01,2007 Boston Red Sox,10,"$3,833,333.00"
crispco01,2008 Boston Red Sox,10,"$5,083,333.00"
crispco01,2009 Kansas City Royals,2,"$6,083,333.00"
crispco01,2010 Oakland Athletics,4,"$5,000,000.00"
crispco01,2011 Oakland Athletics,4,"$5,750,000.00"
crispco01,2012 Oakland Athletics,4,"$6,000,000.00"
crispco01,2013 Oakland Athletics,4,"$7,000,000.00"
crispco01,2014 Oakland Athletics,4,"$7,500,000.00"
crispco01,2015 Oakland Athletics,4,"$11,000,000.00"
crispco01,2016 Oakland Athletics,4,"$11,000,000.00"
crispco01,2016 Cleveland Indians,4,"""     """
burnsge01,Team | Roster,Uniform Numbers,Salary
burnsge01,1911 New York Giants,n/a,Undetermined
burnsge01,1912 New York Giants,n/a,Undetermined
burnsge01,1913 New York Giants,n/a,Undetermined
burnsge01,1914 New York Giants,n/a,Undetermined
burnsge01,1915 New York Giants,n/a,Undetermined
burnsge01,1916 New York Giants,n/a,Undetermined
burnsge01,1917 New York Giants,n/a,Undetermined
burnsge01,1918 New York Giants,n/a,Undetermined
burnsge01,1919 New York Giants,n/a,Undetermined
burnsge01,1920 New York Giants,n/a,Undetermined
burnsge01,1921 New York Giants,n/a,Undetermined
burnsge01,1922 Cincinnati Reds,n/a,Undetermined
burnsge01,1923 Cincinnati Reds,n/a,Undetermined
burnsge01,1924 Cincinnati Reds,n/a,Undetermined
burnsge01,1925 Philadelphia Phillies,n/a,Undetermined
altuvjo01,Team | Roster,Uniform Numbers,Salary
altuvjo01,2011 Houston Astros,27,"$414,000.00"
altuvjo01,2012 Houston Astros,27,"$483,000.00"
altuvjo01,2013 Houston Astros,27,"$505,700.00"
altuvjo01,2014 Houston Astros,27,"$1,250,000.00"
altuvjo01,2015 Houston Astros,27,"$2,500,000.00"
altuvjo01,2016 Houston Astros,27,"$3,500,000.00"
altuvjo01,2017 Houston Astros,27,"$4,500,000.00"
altuvjo01,2018 Houston Astros,27,"$9,000,000.00"
altuvjo01,2019 Houston Astros,27,"$9,500,000.00"
altuvjo01,2020 Houston Astros,27,"$10,730,000.00"
altuvjo01,2021 Houston Astros,27,"$26,000,000.00"
altuvjo01,2022 Houston Astros,27,"$29,000,000.00"
altuvjo01,2023 Houston Astros,27,"$29,000,000.00"
altuvjo01,2024 Houston Astros,27,"$29,000,000.00"
altuvjo01,2025 Houston Astros,27,"$33,000,000.00"
freylo01,Team | Roster,Uniform Numbers,Salary
freylo01,1933 Brooklyn Dodgers,11,Undetermined
freylo01,1934 Brooklyn Dodgers,8,Undetermined
freylo01,1935 Brooklyn Dodgers,8,Undetermined
freylo01,1936 Brooklyn Dodgers,8,Undetermined
freylo01,1937 Chicago Cubs,15,Undetermined
freylo01,1938 Cincinnati Reds,47,Undetermined
freylo01,1939 Cincinnati Reds,11,Undetermined
freylo01,1940 Cincinnati Reds,11,Undetermined
freylo01,1941 Cincinnati Reds,11,Undetermined
freylo01,1942 Cincinnati Reds,11,Undetermined
freylo01,1943 Cincinnati Reds,11,Undetermined
freylo01,1946 Cincinnati Reds,11,Undetermined
freylo01,1947 Chicago Cubs,22,Undetermined
freylo01,1947 New York Yankees,14,Undetermined
freylo01,1948 New York Yankees,14,Undetermined
freylo01,1948 New York Giants,28,Undetermined
wilsowi02,Team | Roster,Uniform Numbers,Salary
wilsowi02,1976 Kansas City Royals,19,"$19,000.00"
wilsowi02,1977 Kansas City Royals,32,"$19,800.00"
wilsowi02,1978 Kansas City Royals,6,"$23,200.00"
wilsowi02,1979 Kansas City Royals,6,"$26,100.00"
wilsowi02,1980 Kansas City Royals,6,"$185,000.00"
wilsowi02,1981 Kansas City Royals,6,"$185,000.00"
wilsowi02,1982 Kansas City Royals,6,"$450,000.00"
wilsowi02,1983 Kansas City Royals,6,"$460,000.00"
wilsowi02,1984 Kansas City Royals,6,"$470,000.00"
wilsowi02,1985 Kansas City Royals,6,"$843,750.00"
wilsowi02,1986 Kansas City Royals,6,"$1,175,000.00"
wilsowi02,1987 Kansas City Royals,6,"$1,389,706.00"
wilsowi02,1988 Kansas City Royals,6,"$1,383,712.00"
wilsowi02,1989 Kansas City Royals,6,"$2,112,205.00"
wilsowi02,1990 Kansas City Royals,6,"$800,000.00"
wilsowi02,1991 Oakland Athletics,16,"$1,000,000.00"
wilsowi02,1992 Oakland Athletics,6,"$1,100,000.00"
wilsowi02,1993 Chicago Cubs,6,"$700,000.00"
wilsowi02,1994 Chicago Cubs,6,"$700,000.00"
fogarji01,Team | Roster,Uniform Numbers,Salary
fogarji01,1884 Philadelphia Phillies,n/a,"$1,000.00"
fogarji01,1885 Philadelphia Phillies,n/a,"$1,300.00"
fogarji01,1886 Philadelphia Phillies,n/a,"$1,400.00"
fogarji01,1887 Philadelphia Phillies,n/a,"$1,900.00"
fogarji01,1888 Philadelphia Phillies,n/a,"$2,000.00"
fogarji01,1889 Philadelphia Phillies,n/a,"$2,500.00"
fogarji01,1890 Philadelphia Quakers,n/a,"$2,800.00"
milancl01,Team | Roster,Uniform Numbers,Salary
milancl01,1907 Washington Senators,n/a,Undetermined
milancl01,1908 Washington Senators,n/a,Undetermined
milancl01,1909 Washington Senators,n/a,Undetermined
milancl01,1910 Washington Senators,n/a,Undetermined
milancl01,1911 Washington Senators,n/a,Undetermined
milancl01,1912 Washington Senators,n/a,Undetermined
milancl01,1913 Washington Senators,n/a,Undetermined
milancl01,1914 Washington Senators,n/a,Undetermined
milancl01,1915 Washington Senators,n/a,Undetermined
milancl01,1916 Washington Senators,n/a,Undetermined
milancl01,1917 Washington Senators,n/a,Undetermined
milancl01,1918 Washington Senators,n/a,Undetermined
milancl01,1919 Washington Senators,n/a,Undetermined
milancl01,1920 Washington Senators,n/a,Undetermined
milancl01,1921 Washington Senators,n/a,Undetermined
milancl01,1922 Washington Senators,n/a,Undetermined
younger03,Team | Roster,Uniform Numbers,Salary
younger03,2009 Colorado Rockies,3,"$400,000.00"
younger03,2010 Colorado Rockies,3,"$408,000.00"
younger03,2011 Colorado Rockies,1,"$414,000.00"
younger03,2012 Colorado Rockies,1,"$481,000.00"
younger03,2013 Colorado Rockies,1,"$492,000.00"
younger03,2013 New York Mets,22,"""     """
younger03,2014 New York Mets,22,"$1,850,000.00"
younger03,2015 Atlanta Braves,4,"$1,000,000.00"
younger03,2015 New York Mets,1,"""     """
younger03,2016 New York Yankees,48,"$900,000.00"
younger03,2017 Los Angeles Angels,8,"$850,000.00"
younger03,2018 Los Angeles Angels,9,"$850,000.00"
figgich01,Team | Roster,Uniform Numbers,Salary
figgich01,2002 Anaheim Angels,6,"$200,000.00"
figgich01,2003 Anaheim Angels,6,"$300,000.00"
figgich01,2004 Anaheim Angels,9,"$320,000.00"
figgich01,2005 Los Angeles Angels,9,"$390,000.00"
figgich01,2006 Los Angeles Angels,9,"$2,250,000.00"
figgich01,2007 Los Angeles Angels,9,"$3,500,000.00"
figgich01,2008 Los Angeles Angels,9,"$4,750,000.00"
figgich01,2009 Los Angeles Angels,9,"$5,775,000.00"
figgich01,2010 Seattle Mariners,9,"$8,500,000.00"
figgich01,2011 Seattle Mariners,9,"$9,500,000.00"
figgich01,2012 Seattle Mariners,9,"$9,000,000.00"
figgich01,2014 Los Angeles Dodgers,18,"$8,000,000.00"
gehrich01,Team | Roster,Uniform Numbers,Salary
gehrich01,1924 Detroit Tigers,n/a,"$2,100.00"
gehrich01,1925 Detroit Tigers,n/a,"$2,400.00"
gehrich01,1926 Detroit Tigers,n/a,"$3,000.00"
gehrich01,1927 Detroit Tigers,n/a,"$4,000.00"
gehrich01,1928 Detroit Tigers,n/a,"$6,000.00"
gehrich01,1929 Detroit Tigers,n/a,"$8,000.00"
gehrich01,1930 Detroit Tigers,n/a,"$11,000.00"
gehrich01,1931 Detroit Tigers,3,"$12,500.00"
gehrich01,1932 Detroit Tigers,2,"$10,000.00"
gehrich01,1933 Detroit Tigers,2,"$10,000.00"
gehrich01,1934 Detroit Tigers,2,"$10,000.00"
gehrich01,1935 Detroit Tigers,2,"$12,500.00"
gehrich01,1936 Detroit Tigers,2,"$12,500.00"
gehrich01,1937 Detroit Tigers,2,"$17,500.00"
gehrich01,1938 Detroit Tigers,2,"$20,000.00"
gehrich01,1939 Detroit Tigers,2,"$20,000.00"
gehrich01,1940 Detroit Tigers,2,"$20,000.00"
gehrich01,1941 Detroit Tigers,2,"$20,000.00"
gehrich01,1942 Detroit Tigers,2,"$10,000.00"
suzukic01,Team | Roster,Uniform Numbers,Salary
suzukic01,2001 Seattle Mariners,51,"$5,666,667.00"
suzukic01,2002 Seattle Mariners,51,"$3,696,000.00"
suzukic01,2003 Seattle Mariners,51,"$4,697,000.00"
suzukic01,2004 Seattle Mariners,51,"$6,528,000.00"
suzukic01,2005 Seattle Mariners,51,"$12,529,000.00"
suzukic01,2006 Seattle Mariners,51,"$12,530,000.00"
suzukic01,2007 Seattle Mariners,51,"$12,531,000.00"
suzukic01,2008 Seattle Mariners,51,"$17,102,149.00"
suzukic01,2009 Seattle Mariners,51,"$18,000,000.00"
suzukic01,2010 Seattle Mariners,51,"$18,000,000.00"
suzukic01,2011 Seattle Mariners,51,"$18,000,000.00"
suzukic01,2012 Seattle Mariners,51,"$17,000,000.00"
suzukic01,2012 New York Yankees,31,"""     """
suzukic01,2013 New York Yankees,31,"$6,500,000.00"
suzukic01,2014 New York Yankees,31,"$6,500,000.00"
suzukic01,2015 Miami Marlins,51,"$2,000,000.00"
suzukic01,2016 Miami Marlins,51,"$2,000,000.00"
suzukic01,2017 Miami Marlins,51,"$2,000,000.00"
suzukic01,2018 Seattle Mariners,51,"$750,000.00"
suzukic01,2019 Seattle Mariners,51,"$100,000.00"
dillibo01,Team | Roster,Uniform Numbers,Salary
dillibo01,1946 St. Louis Browns,2,Undetermined
dillibo01,1947 St. Louis Browns,6,Undetermined
dillibo01,1948 St. Louis Browns,6,Undetermined
dillibo01,1949 St. Louis Browns,6,Undetermined
dillibo01,1950 Philadelphia Athletics,6,Undetermined
dillibo01,1950 Pittsburgh Pirates,3,Undetermined
dillibo01,1951 Pittsburgh Pirates,3,Undetermined
dillibo01,1951 Chicago White Sox,25,Undetermined
laryly01,Team | Roster,Uniform Numbers,Salary
laryly01,1929 New York Yankees,24,"$7,000.00"
laryly01,1930 New York Yankees,24,"$7,500.00"
laryly01,1931 New York Yankees,2,"$9,000.00"
laryly01,1932 New York Yankees,2,"$9,000.00"
laryly01,1933 New York Yankees,2,"$8,000.00"
laryly01,1934 New York Yankees,22,"$7,500.00"
laryly01,1934 Boston Red Sox,21,"""     """
laryly01,1935 Washington Senators,28,"$8,000.00"
laryly01,1935 St. Louis Browns,1,"""     """
laryly01,1936 St. Louis Browns,1,"$9,000.00"
laryly01,1937 Cleveland Indians,1,"$10,000.00"
laryly01,1938 Cleveland Indians,1,"$12,000.00"
laryly01,1939 Cleveland Indians,11,"$9,000.00"
laryly01,1939 Brooklyn Dodgers,26,"""     """
laryly01,1939 St. Louis Cardinals,2,"""     """
laryly01,1940 St. Louis Browns,3,"$6,500.00"
dimagdo01,Team | Roster,Uniform Numbers,Salary
dimagdo01,1940 Boston Red Sox,7,"$5,300.00"
dimagdo01,1941 Boston Red Sox,7,"$10,000.00"
dimagdo01,1942 Boston Red Sox,7,"$10,000.00"
dimagdo01,1946 Boston Red Sox,7,"$15,000.00"
dimagdo01,1947 Boston Red Sox,7,"$30,000.00"
dimagdo01,1948 Boston Red Sox,7,"$27,500.00"
dimagdo01,1949 Boston Red Sox,7,"$30,000.00"
dimagdo01,1950 Boston Red Sox,7,"$40,000.00"
dimagdo01,1951 Boston Red Sox,7,"$40,000.00"
dimagdo01,1952 Boston Red Sox,7,"$40,000.00"
dimagdo01,1953 Boston Red Sox,7,"$36,000.00"
schoere01,Team | Roster,Uniform Numbers,Salary
schoere01,1945 St. Louis Cardinals,6,"$4,800.00"
schoere01,1946 St. Louis Cardinals,2,"$5,500.00"
schoere01,1947 St. Louis Cardinals,2,"$9,000.00"
schoere01,1948 St. Louis Cardinals,2,"$12,000.00"
schoere01,1949 St. Louis Cardinals,2,"$16,000.00"
schoere01,1950 St. Louis Cardinals,2,"$20,000.00"
schoere01,1951 St. Louis Cardinals,2,"$23,500.00"
schoere01,1952 St. Louis Cardinals,2,"$27,000.00"
schoere01,1953 St. Louis Cardinals,2,"$31,000.00"
schoere01,1954 St. Louis Cardinals,2,"$45,000.00"
schoere01,1955 St. Louis Cardinals,2,"$45,000.00"
schoere01,1956 St. Louis Cardinals,2,"$42,000.00"
schoere01,1956 New York Giants,10,"""     """
schoere01,1957 New York Giants,7,"$42,000.00"
schoere01,1957 Milwaukee Braves,4,"""     """
schoere01,1958 Milwaukee Braves,4,"$46,000.00"
schoere01,1959 Milwaukee Braves,4,"$40,000.00"
schoere01,1960 Milwaukee Braves,4,"$37,500.00"
schoere01,1961 St. Louis Cardinals,2,"$30,000.00"
schoere01,1962 St. Louis Cardinals,2,"$18,000.00"
schoere01,1963 St. Louis Cardinals,2,"$15,000.00"
sislege01,Team | Roster,Uniform Numbers,Salary
sislege01,1915 St. Louis Browns,n/a,"$2,400.00"
sislege01,1916 St. Louis Browns,n/a,Undetermined
sislege01,1917 St. Louis Browns,n/a,Undetermined
sislege01,1918 St. Louis Browns,n/a,Undetermined
sislege01,1919 St. Louis Browns,n/a,"$7,200.00"
sislege01,1920 St. Louis Browns,n/a,"$10,000.00"
sislege01,1921 St. Louis Browns,n/a,"$12,500.00"
sislege01,1922 St. Louis Browns,n/a,"$12,500.00"
sislege01,1924 St. Louis Browns,n/a,"$12,500.00"
sislege01,1925 St. Louis Browns,n/a,"$20,000.00"
sislege01,1926 St. Louis Browns,n/a,"$20,000.00"
sislege01,1927 St. Louis Browns,n/a,"$15,000.00"
sislege01,1928 Washington Senators,n/a,"$17,500.00"
sislege01,1928 Boston Braves,n/a,"""     """
sislege01,1929 Boston Braves,n/a,Undetermined
sislege01,1930 Boston Braves,n/a,Undetermined
brownto01,Team | Roster,Uniform Numbers,Salary
brownto01,1882 Baltimore Orioles,n/a,Undetermined
brownto01,1883 Columbus Colts,n/a,Undetermined
brownto01,1884 Columbus Colts,n/a,Undetermined
brownto01,1885 Pittsburgh Alleghenys,n/a,Undetermined
brownto01,1886 Pittsburgh Alleghenys,n/a,Undetermined
brownto01,1887 Pittsburgh Alleghenys,n/a,Undetermined
brownto01,1887 Indianapolis Hoosiers,n/a,Undetermined
brownto01,1888 Boston Beaneaters,n/a,Undetermined
brownto01,1889 Boston Beaneaters,n/a,Undetermined
brownto01,1890 Boston Red Stockings,n/a,Undetermined
brownto01,1891 Boston Reds,n/a,Undetermined
brownto01,1892 Louisville Colonels,n/a,Undetermined
brownto01,1893 Louisville Colonels,n/a,Undetermined
brownto01,1894 Louisville Colonels,n/a,Undetermined
brownto01,1895 St. Louis Browns,n/a,Undetermined
brownto01,1895 Washington Senators,n/a,Undetermined
brownto01,1896 Washington Senators,n/a,Undetermined
brownto01,1897 Washington Senators,n/a,Undetermined
brownto01,1898 Washington Senators,n/a,Undetermined
smithma05,Team | Roster,Uniform Numbers,Salary
smithma05,2016 Atlanta Braves,17,Undetermined
smithma05,2017 Tampa Bay Rays,0,Undetermined
smithma05,2018 Tampa Bay Rays,0,Undetermined
smithma05,2019 Seattle Mariners,0,"$578,400.00"
smithma05,2020 Seattle Mariners,0,"$869,500.00"
myerbu01,Team | Roster,Uniform Numbers,Salary
myerbu01,1925 Washington Senators,n/a,"$3,000.00"
myerbu01,1926 Washington Senators,n/a,"$5,000.00"
myerbu01,1927 Washington Senators,n/a,"$6,000.00"
myerbu01,1927 Boston Red Sox,n/a,"""     """
myerbu01,1928 Boston Red Sox,n/a,"$6,000.00"
myerbu01,1929 Washington Senators,n/a,"$8,500.00"
myerbu01,1930 Washington Senators,n/a,"$8,500.00"
myerbu01,1931 Washington Senators,1,"$9,000.00"
myerbu01,1932 Washington Senators,1,"$8,750.00"
myerbu01,1933 Washington Senators,1,"$8,000.00"
myerbu01,1934 Washington Senators,1,"$8,500.00"
myerbu01,1935 Washington Senators,1,"$9,500.00"
myerbu01,1936 Washington Senators,1,"$14,000.00"
myerbu01,1937 Washington Senators,1,"$9,500.00"
myerbu01,1938 Washington Senators,1,"$8,500.00"
myerbu01,1939 Washington Senators,1,"$11,500.00"
myerbu01,1940 Washington Senators,1,"$8,000.00"
myerbu01,1941 Washington Senators,1,"$8,000.00"
willsma01,Team | Roster,Uniform Numbers,Salary
willsma01,1959 Los Angeles Dodgers,30,"$11,000.00"
willsma01,1960 Los Angeles Dodgers,30,"$12,000.00"
willsma01,1961 Los Angeles Dodgers,30,"$32,000.00"
willsma01,1962 Los Angeles Dodgers,30,"$35,000.00"
willsma01,1963 Los Angeles Dodgers,30,"$45,000.00"
willsma01,1964 Los Angeles Dodgers,30,"$50,000.00"
willsma01,1965 Los Angeles Dodgers,30,"$50,000.00"
willsma01,1966 Los Angeles Dodgers,30,"$85,000.00"
willsma01,1967 Pittsburgh Pirates,30,"$75,000.00"
willsma01,1968 Pittsburgh Pirates,30,"$80,000.00"
willsma01,1969 Montreal Expos,30,"$85,000.00"
willsma01,1969 Los Angeles Dodgers,30,"""     """
willsma01,1970 Los Angeles Dodgers,30,"$88,000.00"
willsma01,1971 Los Angeles Dodgers,30,"$92,000.00"
willsma01,1972 Los Angeles Dodgers,30,"$100,000.00"
biggicr01,Team | Roster,Uniform Numbers,Salary
biggicr01,1988 Houston Astros,4,"$73,500.00"
biggicr01,1989 Houston Astros,7,"$78,000.00"
biggicr01,1990 Houston Astros,7,"$240,000.00"
biggicr01,1991 Houston Astros,7,"$437,500.00"
biggicr01,1992 Houston Astros,7,"$1,425,000.00"
biggicr01,1993 Houston Astros,7,"$3,050,000.00"
biggicr01,1994 Houston Astros,7,"$3,500,000.00"
biggicr01,1995 Houston Astros,7,"$4,725,000.00"
biggicr01,1996 Houston Astros,7,"$2,075,000.00"
biggicr01,1997 Houston Astros,7,"$6,280,000.00"
biggicr01,1998 Houston Astros,7,"$6,145,000.00"
biggicr01,1999 Houston Astros,7,"$6,060,000.00"
biggicr01,2000 Houston Astros,7,"$6,750,000.00"
biggicr01,2001 Houston Astros,7,"$7,750,000.00"
biggicr01,2002 Houston Astros,7,"$8,750,000.00"
biggicr01,2003 Houston Astros,7,"$9,750,000.00"
biggicr01,2004 Houston Astros,7,"$3,000,000.00"
biggicr01,2005 Houston Astros,7,"$3,000,000.00"
biggicr01,2006 Houston Astros,7,"$4,000,000.00"
biggicr01,2007 Houston Astros,7,"$5,150,000.00"
morenom01,Team | Roster,Uniform Numbers,Salary
morenom01,1975 Pittsburgh Pirates,24,"$15,000.00"
morenom01,1976 Pittsburgh Pirates,18,"$19,000.00"
morenom01,1977 Pittsburgh Pirates,18,"$25,000.00"
morenom01,1978 Pittsburgh Pirates,18,Undetermined
morenom01,1979 Pittsburgh Pirates,18,Undetermined
morenom01,1980 Pittsburgh Pirates,18,Undetermined
morenom01,1981 Pittsburgh Pirates,18,Undetermined
morenom01,1982 Pittsburgh Pirates,18,Undetermined
morenom01,1983 Houston Astros,24,Undetermined
morenom01,1983 New York Yankees,22,Undetermined
morenom01,1984 New York Yankees,22,"$731,855.00"
morenom01,1985 New York Yankees,22,Undetermined
morenom01,1985 Kansas City Royals,28,Undetermined
morenom01,1986 Atlanta Braves,18,"$100,000.00"
mostijo01,Team | Roster,Uniform Numbers,Salary
mostijo01,1918 Chicago White Sox,n/a,Undetermined
mostijo01,1921 Chicago White Sox,n/a,Undetermined
mostijo01,1922 Chicago White Sox,n/a,Undetermined
mostijo01,1923 Chicago White Sox,n/a,Undetermined
mostijo01,1924 Chicago White Sox,n/a,Undetermined
mostijo01,1925 Chicago White Sox,n/a,Undetermined
mostijo01,1926 Chicago White Sox,n/a,Undetermined
mostijo01,1927 Chicago White Sox,n/a,Undetermined
mostijo01,1928 Chicago White Sox,n/a,Undetermined
mostijo01,1929 Chicago White Sox,n/a,Undetermined
younger01,Team | Roster,Uniform Numbers,Salary
younger01,1992 Los Angeles Dodgers,21,"$109,000.00"
younger01,1993 Colorado Rockies,21,"$120,000.00"
younger01,1994 Colorado Rockies,21,"$205,000.00"
younger01,1995 Colorado Rockies,21,"$252,500.00"
younger01,1996 Colorado Rockies,21,"$1,125,000.00"
younger01,1997 Colorado Rockies,21,"$3,200,000.00"
younger01,1997 Los Angeles Dodgers,26,"""     """
younger01,1998 Los Angeles Dodgers,21,"$4,500,000.00"
younger01,1999 Los Angeles Dodgers,21,"$4,500,000.00"
younger01,2000 Chicago Cubs,7,"$4,500,000.00"
younger01,2001 Chicago Cubs,7,"$4,500,000.00"
younger01,2002 Milwaukee Brewers,7,"$2,000,000.00"
younger01,2003 Milwaukee Brewers,7,"$2,000,000.00"
younger01,2003 San Francisco Giants,21,"""     """
younger01,2004 Texas Rangers,7,"$1,000,000.00"
younger01,2005 San Diego Padres,7,"$850,000.00"
younger01,2006 San Diego Padres,7,"$850,000.00"
younger01,2006 Texas Rangers,2,"""     """
reyesjo01,Team | Roster,Uniform Numbers,Salary
reyesjo01,2003 New York Mets,7,"$300,000.00"
reyesjo01,2004 New York Mets,7,"$307,500.00"
reyesjo01,2005 New York Mets,7,"$332,000.00"
reyesjo01,2006 New York Mets,7,"$401,500.00"
reyesjo01,2007 New York Mets,7,"$2,875,000.00"
reyesjo01,2008 New York Mets,7,"$4,375,000.00"
reyesjo01,2009 New York Mets,7,"$6,125,000.00"
reyesjo01,2010 New York Mets,7,"$9,375,000.00"
reyesjo01,2011 New York Mets,7,"$11,000,000.00"
reyesjo01,2012 Miami Marlins,7,"$10,000,000.00"
reyesjo01,2013 Toronto Blue Jays,7,"$10,000,000.00"
reyesjo01,2014 Toronto Blue Jays,7,"$16,000,000.00"
reyesjo01,2015 Toronto Blue Jays,7,"$22,000,000.00"
reyesjo01,2015 Colorado Rockies,7,"""     """
reyesjo01,2016 New York Mets,7,"$22,000,000.00"
reyesjo01,2017 New York Mets,7,"$22,000,000.00"
reyesjo01,2018 New York Mets,7,"$2,000,000.00"
devliar01,Team | Roster,Uniform Numbers,Salary
devliar01,1904 New York Giants,n/a,Undetermined
devliar01,1905 New York Giants,n/a,Undetermined
devliar01,1906 New York Giants,n/a,Undetermined
devliar01,1907 New York Giants,n/a,Undetermined
devliar01,1908 New York Giants,n/a,Undetermined
devliar01,1909 New York Giants,n/a,Undetermined
devliar01,1910 New York Giants,n/a,Undetermined
devliar01,1911 New York Giants,n/a,Undetermined
devliar01,1912 Boston Braves,n/a,Undetermined
devliar01,1913 Boston Braves,n/a,Undetermined
riverji01,Team | Roster,Uniform Numbers,Salary
riverji01,1952 St. Louis Browns,7,Undetermined
riverji01,1952 Chicago White Sox,39,Undetermined
riverji01,1953 Chicago White Sox,7,Undetermined
riverji01,1954 Chicago White Sox,7,Undetermined
riverji01,1955 Chicago White Sox,7,Undetermined
riverji01,1956 Chicago White Sox,7,Undetermined
riverji01,1957 Chicago White Sox,7,Undetermined
riverji01,1958 Chicago White Sox,7,Undetermined
riverji01,1959 Chicago White Sox,7,Undetermined
riverji01,1960 Chicago White Sox,7,Undetermined
riverji01,1961 Chicago White Sox,7,Undetermined
riverji01,1961 Kansas City Athletics,10,Undetermined
taverwi01,Team | Roster,Uniform Numbers,Salary
taverwi01,2004 Houston Astros,1,"$300,000.00"
taverwi01,2005 Houston Astros,1,"$316,000.00"
taverwi01,2006 Houston Astros,1,"$400,000.00"
taverwi01,2007 Colorado Rockies,3,"$402,000.00"
taverwi01,2008 Colorado Rockies,3,"$1,975,000.00"
taverwi01,2009 Cincinnati Reds,3,"$2,250,000.00"
taverwi01,2010 Washington Nationals,3,Undetermined
womacto01,Team | Roster,Uniform Numbers,Salary
womacto01,1993 Pittsburgh Pirates,51,"$109,000.00"
womacto01,1994 Pittsburgh Pirates,51,"$111,000.00"
womacto01,1996 Pittsburgh Pirates,51,"$125,000.00"
womacto01,1997 Pittsburgh Pirates,5,"$160,000.00"
womacto01,1998 Pittsburgh Pirates,5,"$290,000.00"
womacto01,1999 Arizona Diamondbacks,5,"$1,650,000.00"
womacto01,2000 Arizona Diamondbacks,5,"$2,500,000.00"
womacto01,2001 Arizona Diamondbacks,5,"$4,000,000.00"
womacto01,2002 Arizona Diamondbacks,5,"$4,500,000.00"
womacto01,2003 Arizona Diamondbacks,5,"$6,000,000.00"
womacto01,2003 Colorado Rockies,5,"""     """
womacto01,2003 Chicago Cubs,5,"""     """
womacto01,2004 St. Louis Cardinals,4,"$3,000,000.00"
womacto01,2005 New York Yankees,12,"$2,000,000.00"
womacto01,2006 Cincinnati Reds,15,"$2,000,000.00"
womacto01,2006 Chicago Cubs,1,"""     """
podsesc01,Team | Roster,Uniform Numbers,Salary
podsesc01,2001 Seattle Mariners,"9, 20","$200,000.00"
podsesc01,2002 Seattle Mariners,20,"$200,000.00"
podsesc01,2003 Milwaukee Brewers,20,"$300,000.00"
podsesc01,2004 Milwaukee Brewers,20,"$400,000.00"
podsesc01,2005 Chicago White Sox,22,"$700,000.00"
podsesc01,2006 Chicago White Sox,22,"$2,125,000.00"
podsesc01,2007 Chicago White Sox,22,"$2,900,000.00"
podsesc01,2008 Colorado Rockies,"29, 22","$750,000.00"
podsesc01,2009 Chicago White Sox,"1, 22","$500,000.00"
podsesc01,2010 Kansas City Royals,22,"$1,650,000.00"
podsesc01,2010 Los Angeles Dodgers,21,"""     """
podsesc01,2012 Boston Red Sox,26,"$1,250,000.00"
casege01,Team | Roster,Uniform Numbers,Salary
casege01,1937 Washington Senators,25,Undetermined
casege01,1938 Washington Senators,25,Undetermined
casege01,1939 Washington Senators,6,Undetermined
casege01,1940 Washington Senators,6,Undetermined
casege01,1941 Washington Senators,10,Undetermined
casege01,1942 Washington Senators,1,Undetermined
casege01,1943 Washington Senators,1,Undetermined
casege01,1944 Washington Senators,1,Undetermined
casege01,1945 Washington Senators,1,Undetermined
casege01,1946 Cleveland Indians,"15, 7",Undetermined
casege01,1947 Washington Senators,1,Undetermined
acunaro01,Team | Roster,Uniform Numbers,Salary
acunaro01,2018 Atlanta Braves,13,"$545,000.00"
acunaro01,2019 Atlanta Braves,13,"$560,000.00"
acunaro01,2020 Atlanta Braves,13,"$370,000.00"
acunaro01,2021 Atlanta Braves,13,"$5,000,000.00"
acunaro01,2022 Atlanta Braves,13,"$15,000,000.00"
acunaro01,2023 Atlanta Braves,13,"$17,000,000.00"
acunaro01,2024 Atlanta Braves,13,"$17,000,000.00"
acunaro01,2025 Atlanta Braves,13,"$17,000,000.00"
bertijo01,Team | Roster,Uniform Numbers,Salary
bertijo01,2018 Toronto Blue Jays,64,"$545,000.00"
bertijo01,2019 Miami Marlins,55,"$557,500.00"
bertijo01,2020 Miami Marlins,5,"$215,710.00"
bertijo01,2021 Miami Marlins,5,"$607,500.00"
bertijo01,2022 Miami Marlins,5,"$1,200,000.00"
bertijo01,2023 Miami Marlins,5,"$2,100,000.00"
bertijo01,2024 New York Yankees,19,"$3,625,000.00"
bertijo01,2025 Chicago Cubs,5,"$2,000,000.00"
kleinch01,Team | Roster,Uniform Numbers,Salary
kleinch01,1928 Philadelphia Phillies,n/a,"$7,500.00"
kleinch01,1929 Philadelphia Phillies,n/a,"$10,250.00"
kleinch01,1930 Philadelphia Phillies,n/a,"$15,000.00"
kleinch01,1931 Philadelphia Phillies,n/a,"$17,500.00"
kleinch01,1932 Philadelphia Phillies,3,"$17,500.00"
kleinch01,1933 Philadelphia Phillies,3,"$17,500.00"
kleinch01,1934 Chicago Cubs,6,"$30,000.00"
kleinch01,1935 Chicago Cubs,4,"$17,289.00"
kleinch01,1936 Chicago Cubs,4,"$12,500.00"
kleinch01,1936 Philadelphia Phillies,"32, 36","""     """
kleinch01,1937 Philadelphia Phillies,36,"$11,000.00"
kleinch01,1938 Philadelphia Phillies,1,Undetermined
kleinch01,1939 Philadelphia Phillies,26,"$8,500.00"
kleinch01,1939 Pittsburgh Pirates,14,"""     """
kleinch01,1940 Philadelphia Phillies,29,Undetermined
kleinch01,1941 Philadelphia Phillies,29,Undetermined
kleinch01,1942 Philadelphia Phillies,3,Undetermined
kleinch01,1943 Philadelphia Phillies,8,Undetermined
kleinch01,1944 Philadelphia Phillies,26,Undetermined
murtada01,Team | Roster,Uniform Numbers,Salary
murtada01,1941 Philadelphia Phillies,16,Undetermined
murtada01,1942 Philadelphia Phillies,27,Undetermined
murtada01,1943 Philadelphia Phillies,1,Undetermined
murtada01,1946 Philadelphia Phillies,9,Undetermined
murtada01,1947 Boston Braves,15,Undetermined
murtada01,1948 Pittsburgh Pirates,7,Undetermined
murtada01,1949 Pittsburgh Pirates,7,Undetermined
murtada01,1950 Pittsburgh Pirates,7,"$16,000.00"
murtada01,1951 Pittsburgh Pirates,7,"$18,000.00"
robinja02,Team | Roster,Uniform Numbers,Salary
robinja02,1947 Brooklyn Dodgers,42,"$5,000.00"
robinja02,1948 Brooklyn Dodgers,42,"$12,000.00"
robinja02,1949 Brooklyn Dodgers,42,"$17,500.00"
robinja02,1950 Brooklyn Dodgers,42,"$35,000.00"
robinja02,1951 Brooklyn Dodgers,42,"$39,750.00"
robinja02,1952 Brooklyn Dodgers,42,"$42,000.00"
robinja02,1953 Brooklyn Dodgers,42,"$38,000.00"
robinja02,1954 Brooklyn Dodgers,42,"$39,500.00"
robinja02,1955 Brooklyn Dodgers,42,"$35,000.00"
robinja02,1956 Brooklyn Dodgers,42,"$31,500.00"
isbelfr01,Team | Roster,Uniform Numbers,Salary
isbelfr01,1898 Chicago Orphans,n/a,Undetermined
isbelfr01,1901 Chicago White Sox,n/a,Undetermined
isbelfr01,1902 Chicago White Sox,n/a,Undetermined
isbelfr01,1903 Chicago White Sox,n/a,Undetermined
isbelfr01,1904 Chicago White Sox,n/a,Undetermined
isbelfr01,1905 Chicago White Sox,n/a,Undetermined
isbelfr01,1906 Chicago White Sox,n/a,Undetermined
isbelfr01,1907 Chicago White Sox,n/a,Undetermined
isbelfr01,1908 Chicago White Sox,n/a,Undetermined
isbelfr01,1909 Chicago White Sox,n/a,Undetermined
doughpa01,Team | Roster,Uniform Numbers,Salary
doughpa01,1902 Boston Americans,n/a,Undetermined
doughpa01,1903 Boston Americans,n/a,Undetermined
doughpa01,1904 Boston Americans,n/a,Undetermined
doughpa01,1904 New York Highlanders,n/a,Undetermined
doughpa01,1905 New York Highlanders,n/a,Undetermined
doughpa01,1906 New York Highlanders,n/a,Undetermined
doughpa01,1906 Chicago White Sox,n/a,Undetermined
doughpa01,1907 Chicago White Sox,n/a,Undetermined
doughpa01,1908 Chicago White Sox,n/a,Undetermined
doughpa01,1909 Chicago White Sox,n/a,Undetermined
doughpa01,1910 Chicago White Sox,n/a,Undetermined
doughpa01,1911 Chicago White Sox,n/a,Undetermined
barrejo01,Team | Roster,Uniform Numbers,Salary
barrejo01,1942 Pittsburgh Pirates,18,Undetermined
barrejo01,1943 Pittsburgh Pirates,18,Undetermined
barrejo01,1944 Pittsburgh Pirates,18,Undetermined
barrejo01,1945 Pittsburgh Pirates,18,Undetermined
barrejo01,1946 Pittsburgh Pirates,18,Undetermined
barrejo01,1946 Boston Braves,2,Undetermined
mcmanma01,Team | Roster,Uniform Numbers,Salary
mcmanma01,1920 St. Louis Browns,n/a,Undetermined
mcmanma01,1921 St. Louis Browns,n/a,Undetermined
mcmanma01,1922 St. Louis Browns,n/a,Undetermined
mcmanma01,1923 St. Louis Browns,n/a,Undetermined
mcmanma01,1924 St. Louis Browns,n/a,Undetermined
mcmanma01,1925 St. Louis Browns,n/a,Undetermined
mcmanma01,1926 St. Louis Browns,n/a,Undetermined
mcmanma01,1927 Detroit Tigers,n/a,Undetermined
mcmanma01,1928 Detroit Tigers,n/a,Undetermined
mcmanma01,1929 Detroit Tigers,n/a,Undetermined
mcmanma01,1930 Detroit Tigers,n/a,Undetermined
mcmanma01,1931 Detroit Tigers,5,Undetermined
mcmanma01,1931 Boston Red Sox,28,Undetermined
mcmanma01,1932 Boston Red Sox,3,Undetermined
mcmanma01,1933 Boston Red Sox,2,Undetermined
mcmanma01,1934 Boston Braves,28,Undetermined
raineti01,Team | Roster,Uniform Numbers,Salary
raineti01,1979 Montreal Expos,32,"$21,000.00"
raineti01,1980 Montreal Expos,30,"$32,500.00"
raineti01,1981 Montreal Expos,30,"$35,000.00"
raineti01,1982 Montreal Expos,30,"$200,000.00"
raineti01,1983 Montreal Expos,30,"$250,000.00"
raineti01,1984 Montreal Expos,30,"$790,000.00"
raineti01,1985 Montreal Expos,30,"$1,200,000.00"
raineti01,1986 Montreal Expos,30,"$1,515,000.00"
raineti01,1987 Montreal Expos,30,"$1,666,333.00"
raineti01,1988 Montreal Expos,30,"$1,666,333.00"
raineti01,1989 Montreal Expos,30,"$2,104,889.00"
raineti01,1990 Montreal Expos,30,"$2,055,555.00"
raineti01,1991 Chicago White Sox,30,"$3,500,000.00"
raineti01,1992 Chicago White Sox,30,"$3,500,000.00"
raineti01,1993 Chicago White Sox,30,"$3,500,000.00"
raineti01,1994 Chicago White Sox,30,"$3,650,000.00"
raineti01,1995 Chicago White Sox,30,"$3,700,000.00"
raineti01,1996 New York Yankees,31,"$2,100,000.00"
raineti01,1997 New York Yankees,31,"$1,703,644.00"
raineti01,1998 New York Yankees,31,"$1,300,000.00"
raineti01,1999 Oakland Athletics,30,"$600,000.00"
raineti01,2001 Montreal Expos,30,"$350,000.00"
raineti01,2001 Baltimore Orioles,"11, 30","""     """
raineti01,2002 Florida Marlins,"32, 30","$350,000.00"
castilu01,Team | Roster,Uniform Numbers,Salary
castilu01,1996 Florida Marlins,34,"$109,000.00"
castilu01,1997 Florida Marlins,1,"$154,000.00"
castilu01,1998 Florida Marlins,1,"$200,000.00"
castilu01,1999 Florida Marlins,1,"$225,000.00"
castilu01,2000 Florida Marlins,1,"$390,000.00"
castilu01,2001 Florida Marlins,1,"$2,200,000.00"
castilu01,2002 Florida Marlins,1,"$3,325,000.00"
castilu01,2003 Florida Marlins,1,"$4,850,000.00"
castilu01,2004 Florida Marlins,1,"$4,666,667.00"
castilu01,2005 Florida Marlins,1,"$4,985,537.00"
castilu01,2006 Minnesota Twins,1,"$5,485,548.00"
castilu01,2007 Minnesota Twins,1,"$5,750,000.00"
castilu01,2007 New York Mets,1,"""     """
castilu01,2008 New York Mets,1,"$6,250,000.00"
castilu01,2009 New York Mets,1,"$6,250,000.00"
castilu01,2010 New York Mets,1,"$6,250,000.00"
beschbo01,Team | Roster,Uniform Numbers,Salary
beschbo01,1908 Cincinnati Reds,n/a,Undetermined
beschbo01,1909 Cincinnati Reds,n/a,Undetermined
beschbo01,1910 Cincinnati Reds,n/a,Undetermined
beschbo01,1911 Cincinnati Reds,n/a,Undetermined
beschbo01,1912 Cincinnati Reds,n/a,Undetermined
beschbo01,1913 Cincinnati Reds,n/a,Undetermined
beschbo01,1914 New York Giants,n/a,Undetermined
beschbo01,1915 St. Louis Cardinals,n/a,Undetermined
beschbo01,1916 St. Louis Cardinals,n/a,Undetermined
beschbo01,1917 St. Louis Cardinals,n/a,Undetermined
beschbo01,1918 Cleveland Indians,n/a,Undetermined
ellsbja01,Team | Roster,Uniform Numbers,Salary
ellsbja01,2007 Boston Red Sox,46,"$380,000.00"
ellsbja01,2008 Boston Red Sox,46,"$406,000.00"
ellsbja01,2009 Boston Red Sox,46,"$449,500.00"
ellsbja01,2010 Boston Red Sox,2,"$496,500.00"
ellsbja01,2011 Boston Red Sox,2,"$2,400,000.00"
ellsbja01,2012 Boston Red Sox,2,"$8,050,000.00"
ellsbja01,2013 Boston Red Sox,2,"$9,000,000.00"
ellsbja01,2014 New York Yankees,22,"$21,142,857.00"
ellsbja01,2015 New York Yankees,22,"$21,142,857.00"
ellsbja01,2016 New York Yankees,22,"$21,142,857.00"
ellsbja01,2017 New York Yankees,22,"$21,142,857.00"
davisra01,Team | Roster,Uniform Numbers,Salary
davisra01,2006 Pittsburgh Pirates,10,"$327,000.00"
davisra01,2007 Pittsburgh Pirates,10,"$380,000.00"
davisra01,2007 San Francisco Giants,28,"""     """
davisra01,2008 San Francisco Giants,28,"$390,000.00"
davisra01,2008 Oakland Athletics,38,"""     """
davisra01,2009 Oakland Athletics,11,"$410,000.00"
davisra01,2010 Oakland Athletics,11,"$1,350,000.00"
davisra01,2011 Toronto Blue Jays,11,"$2,500,000.00"
davisra01,2012 Toronto Blue Jays,11,"$2,750,000.00"
davisra01,2013 Toronto Blue Jays,11,"$2,500,000.00"
davisra01,2014 Detroit Tigers,20,"$5,000,000.00"
davisra01,2015 Detroit Tigers,20,"$5,000,000.00"
davisra01,2016 Cleveland Indians,20,"$5,250,000.00"
davisra01,2017 Oakland Athletics,11,"$6,000,000.00"
davisra01,2017 Boston Red Sox,25,"""     """
davisra01,2018 Cleveland Indians,26,"$1,750,000.00"
davisra01,2019 New York Mets,18,Undetermined
reisepe01,Team | Roster,Uniform Numbers,Salary
reisepe01,1940 Brooklyn Dodgers,34,Undetermined
reisepe01,1941 Brooklyn Dodgers,27,Undetermined
reisepe01,1942 Brooklyn Dodgers,27,"$7,500.00"
reisepe01,1946 Brooklyn Dodgers,27,Undetermined
reisepe01,1947 Brooklyn Dodgers,7,Undetermined
reisepe01,1948 Brooklyn Dodgers,7,Undetermined
reisepe01,1949 Boston Braves,11,Undetermined
reisepe01,1950 Boston Braves,11,Undetermined
reisepe01,1951 Pittsburgh Pirates,27,Undetermined
reisepe01,1952 Cleveland Indians,23,Undetermined
brutobi01,Team | Roster,Uniform Numbers,Salary
brutobi01,1953 Milwaukee Braves,38,Undetermined
brutobi01,1954 Milwaukee Braves,38,Undetermined
brutobi01,1955 Milwaukee Braves,38,Undetermined
brutobi01,1956 Milwaukee Braves,38,Undetermined
brutobi01,1957 Milwaukee Braves,38,Undetermined
brutobi01,1958 Milwaukee Braves,38,Undetermined
brutobi01,1959 Milwaukee Braves,38,Undetermined
brutobi01,1960 Milwaukee Braves,38,Undetermined
brutobi01,1961 Detroit Tigers,38,Undetermined
brutobi01,1962 Detroit Tigers,38,Undetermined
brutobi01,1963 Detroit Tigers,38,Undetermined
brutobi01,1964 Detroit Tigers,38,"$35,000.00"
cabreev01,Team | Roster,Uniform Numbers,Salary
cabreev01,2009 San Diego Padres,1,"$400,000.00"
cabreev01,2010 San Diego Padres,1,"$418,800.00"
cabreev01,2011 San Diego Padres,2,"$434,000.00"
cabreev01,2012 San Diego Padres,2,"$975,000.00"
cabreev01,2013 San Diego Padres,2,"$1,275,000.00"
cabreev01,2014 San Diego Padres,2,"$2,450,000.00"
cabreev01,2015 Baltimore Orioles,1,"$2,400,000.00"
friscfr01,Team | Roster,Uniform Numbers,Salary
friscfr01,1919 New York Giants,n/a,"$3,000.00"
friscfr01,1920 New York Giants,n/a,"$4,000.00"
friscfr01,1921 New York Giants,n/a,"$7,500.00"
friscfr01,1922 New York Giants,n/a,"$12,500.00"
friscfr01,1923 New York Giants,n/a,"$12,500.00"
friscfr01,1924 New York Giants,n/a,"$16,000.00"
friscfr01,1925 New York Giants,n/a,"$16,000.00"
friscfr01,1926 New York Giants,n/a,"$16,000.00"
friscfr01,1927 St. Louis Cardinals,n/a,"$18,000.00"
friscfr01,1928 St. Louis Cardinals,n/a,"$18,000.00"
friscfr01,1929 St. Louis Cardinals,n/a,"$18,500.00"
friscfr01,1930 St. Louis Cardinals,n/a,"$18,500.00"
friscfr01,1931 St. Louis Cardinals,n/a,"$18,500.00"
friscfr01,1932 St. Louis Cardinals,3,"$18,500.00"
friscfr01,1933 St. Louis Cardinals,3,"$18,500.00"
friscfr01,1934 St. Louis Cardinals,3,"$18,500.00"
friscfr01,1935 St. Louis Cardinals,3,"$18,500.00"
friscfr01,1936 St. Louis Cardinals,3,"$16,000.00"
friscfr01,1937 St. Louis Cardinals,3,"$16,000.00"
donovpa01,Team | Roster,Uniform Numbers,Salary
donovpa01,1890 Boston Beaneaters,n/a,Undetermined
donovpa01,1890 Brooklyn Bridegrooms,n/a,Undetermined
donovpa01,1891 Louisville Colonels,n/a,Undetermined
donovpa01,1891 Washington Senators,n/a,Undetermined
donovpa01,1892 Washington Senators,n/a,Undetermined
donovpa01,1892 Pittsburgh Pirates,n/a,Undetermined
donovpa01,1893 Pittsburgh Pirates,n/a,Undetermined
donovpa01,1894 Pittsburgh Pirates,n/a,Undetermined
donovpa01,1895 Pittsburgh Pirates,n/a,Undetermined
donovpa01,1896 Pittsburgh Pirates,n/a,Undetermined
donovpa01,1897 Pittsburgh Pirates,n/a,Undetermined
donovpa01,1898 Pittsburgh Pirates,n/a,Undetermined
donovpa01,1899 Pittsburgh Pirates,n/a,Undetermined
donovpa01,1900 St. Louis Cardinals,n/a,Undetermined
donovpa01,1901 St. Louis Cardinals,n/a,Undetermined
donovpa01,1902 St. Louis Cardinals,n/a,Undetermined
donovpa01,1903 St. Louis Cardinals,n/a,Undetermined
donovpa01,1904 Washington Senators,n/a,Undetermined
donovpa01,1906 Brooklyn Superbas,n/a,Undetermined
donovpa01,1907 Brooklyn Superbas,n/a,Undetermined
carrch02,Team | Roster,Uniform Numbers,Salary
carrch02,1990 New York Mets,"1, 7","$100,000.00"
carrch02,1991 New York Mets,27,"$100,000.00"
carrch02,1992 St. Louis Cardinals,43,"$109,000.00"
carrch02,1993 Florida Marlins,21,"$123,000.00"
carrch02,1994 Florida Marlins,21,"$230,000.00"
carrch02,1995 Florida Marlins,21,"$255,000.00"
carrch02,1996 Milwaukee Brewers,24,"$325,000.00"
carrch02,1997 Milwaukee Brewers,24,"$325,000.00"
carrch02,1997 Houston Astros,21,"$250,000.00"
reesepe01,Team | Roster,Uniform Numbers,Salary
reesepe01,1940 Brooklyn Dodgers,1,Undetermined
reesepe01,1941 Brooklyn Dodgers,1,Undetermined
reesepe01,1942 Brooklyn Dodgers,1,Undetermined
reesepe01,1946 Brooklyn Dodgers,1,Undetermined
reesepe01,1947 Brooklyn Dodgers,1,Undetermined
reesepe01,1948 Brooklyn Dodgers,1,Undetermined
reesepe01,1949 Brooklyn Dodgers,1,Undetermined
reesepe01,1950 Brooklyn Dodgers,1,"$35,000.00"
reesepe01,1951 Brooklyn Dodgers,1,"$30,000.00"
reesepe01,1952 Brooklyn Dodgers,1,Undetermined
reesepe01,1953 Brooklyn Dodgers,1,"$33,500.00"
reesepe01,1954 Brooklyn Dodgers,1,Undetermined
reesepe01,1955 Brooklyn Dodgers,1,Undetermined
reesepe01,1956 Brooklyn Dodgers,1,Undetermined
reesepe01,1957 Brooklyn Dodgers,1,"$35,000.00"
reesepe01,1958 Los Angeles Dodgers,1,"$30,000.00"
andreed01,Team | Roster,Uniform Numbers,Salary
andreed01,1884 Philadelphia Phillies,n/a,Undetermined
andreed01,1885 Philadelphia Phillies,n/a,Undetermined
andreed01,1886 Philadelphia Phillies,n/a,Undetermined
andreed01,1887 Philadelphia Phillies,n/a,Undetermined
andreed01,1888 Philadelphia Phillies,n/a,Undetermined
andreed01,1889 Philadelphia Phillies,n/a,Undetermined
andreed01,1889 Indianapolis Hoosiers,n/a,Undetermined
andreed01,1890 Brooklyn Wonders,n/a,Undetermined
andreed01,1891 Cincinnati Kelly's Killers,n/a,Undetermined
bournmi01,Team | Roster,Uniform Numbers,Salary
bournmi01,2006 Philadelphia Phillies,9,"$327,000.00"
bournmi01,2007 Philadelphia Phillies,9,"$380,000.00"
bournmi01,2008 Houston Astros,14,"$396,000.00"
bournmi01,2009 Houston Astros,21,"$434,500.00"
bournmi01,2010 Houston Astros,21,"$2,400,000.00"
bournmi01,2011 Houston Astros,21,"$4,400,000.00"
bournmi01,2011 Atlanta Braves,24,"""     """
bournmi01,2012 Atlanta Braves,24,"$6,845,000.00"
bournmi01,2013 Cleveland Indians,24,"$7,000,000.00"
bournmi01,2014 Cleveland Indians,24,"$13,500,000.00"
bournmi01,2015 Cleveland Indians,24,"$13,500,000.00"
bournmi01,2015 Atlanta Braves,2,"""     """
bournmi01,2016 Arizona Diamondbacks,1,Undetermined
bournmi01,2016 Baltimore Orioles,1,Undetermined
pierrju01,Team | Roster,Uniform Numbers,Salary
pierrju01,2000 Colorado Rockies,6,"$200,000.00"
pierrju01,2001 Colorado Rockies,9,"$215,000.00"
pierrju01,2002 Colorado Rockies,9,"$600,000.00"
pierrju01,2003 Florida Marlins,9,"$1,000,000.00"
pierrju01,2004 Florida Marlins,9,"$2,400,000.00"
pierrju01,2005 Florida Marlins,9,"$3,700,000.00"
pierrju01,2006 Chicago Cubs,9,"$5,750,000.00"
pierrju01,2007 Los Angeles Dodgers,9,"$7,500,000.00"
pierrju01,2008 Los Angeles Dodgers,9,"$8,000,000.00"
pierrju01,2009 Los Angeles Dodgers,9,"$10,000,000.00"
pierrju01,2010 Chicago White Sox,1,"$7,000,000.00"
pierrju01,2011 Chicago White Sox,1,"$8,500,000.00"
pierrju01,2012 Philadelphia Phillies,10,"$800,000.00"
pierrju01,2013 Miami Marlins,9,"$1,600,000.00"
merriwh01,Team | Roster,Uniform Numbers,Salary
merriwh01,2016 Kansas City Royals,15,"$507,500.00"
merriwh01,2017 Kansas City Royals,15,"$547,100.00"
merriwh01,2018 Kansas City Royals,15,"$569,500.00"
merriwh01,2019 Kansas City Royals,15,"$1,000,000.00"
merriwh01,2020 Kansas City Royals,15,"$1,850,000.00"
merriwh01,2021 Kansas City Royals,15,"$6,750,000.00"
merriwh01,2022 Kansas City Royals,15,"$7,000,000.00"
merriwh01,2022 Toronto Blue Jays,1,"""     """
merriwh01,2023 Toronto Blue Jays,15,"$6,750,000.00"
merriwh01,2024 Philadelphia Phillies,9,"$7,000,000.00"
merriwh01,2024 Atlanta Braves,15,"""     """
careyma01,Team | Roster,Uniform Numbers,Salary
careyma01,1910 Pittsburgh Pirates,n/a,Undetermined
careyma01,1911 Pittsburgh Pirates,n/a,Undetermined
careyma01,1912 Pittsburgh Pirates,n/a,"$2,100.00"
careyma01,1913 Pittsburgh Pirates,n/a,"$3,000.00"
careyma01,1914 Pittsburgh Pirates,n/a,"$5,025.00"
careyma01,1915 Pittsburgh Pirates,n/a,"$5,025.00"
careyma01,1916 Pittsburgh Pirates,n/a,"$5,000.00"
careyma01,1917 Pittsburgh Pirates,n/a,"$5,400.00"
careyma01,1918 Pittsburgh Pirates,n/a,"$5,800.00"
careyma01,1919 Pittsburgh Pirates,n/a,"$6,000.00"
careyma01,1920 Pittsburgh Pirates,n/a,"$6,900.00"
careyma01,1921 Pittsburgh Pirates,n/a,"$7,800.00"
careyma01,1922 Pittsburgh Pirates,n/a,"$9,000.00"
careyma01,1923 Pittsburgh Pirates,n/a,"$12,500.00"
careyma01,1924 Pittsburgh Pirates,n/a,"$12,500.00"
careyma01,1925 Pittsburgh Pirates,n/a,"$14,000.00"
careyma01,1926 Pittsburgh Pirates,n/a,"$16,500.00"
careyma01,1926 Brooklyn Robins,n/a,"""     """
careyma01,1927 Brooklyn Robins,n/a,"$16,500.00"
careyma01,1928 Brooklyn Robins,n/a,"$13,500.00"
careyma01,1929 Brooklyn Robins,n/a,"$10,000.00"
ashburi01,Team | Roster,Uniform Numbers,Salary
ashburi01,1948 Philadelphia Phillies,1,"$3,900.00"
ashburi01,1949 Philadelphia Phillies,1,"$10,000.00"
ashburi01,1950 Philadelphia Phillies,1,"$10,000.00"
ashburi01,1951 Philadelphia Phillies,1,"$14,000.00"
ashburi01,1952 Philadelphia Phillies,1,"$20,000.00"
ashburi01,1953 Philadelphia Phillies,1,"$17,000.00"
ashburi01,1954 Philadelphia Phillies,1,"$21,000.00"
ashburi01,1955 Philadelphia Phillies,1,"$22,500.00"
ashburi01,1956 Philadelphia Phillies,1,"$27,000.00"
ashburi01,1957 Philadelphia Phillies,1,"$29,000.00"
ashburi01,1958 Philadelphia Phillies,1,"$30,000.00"
ashburi01,1959 Philadelphia Phillies,1,"$38,000.00"
ashburi01,1960 Chicago Cubs,1,"$35,000.00"
ashburi01,1961 Chicago Cubs,1,"$32,500.00"
ashburi01,1962 New York Mets,1,"$29,000.00"
cruzon01,Team | Roster,Uniform Numbers,Salary
cruzon01,2021 Pittsburgh Pirates,61,"$570,500.00"
cruzon01,2022 Pittsburgh Pirates,15,"$700,000.00"
cruzon01,2023 Pittsburgh Pirates,15,"$720,000.00"
cruzon01,2024 Pittsburgh Pirates,15,"$755,000.00"
cruzon01,2025 Pittsburgh Pirates,15,"$785,000.00"
lefloro01,Team | Roster,Uniform Numbers,Salary
lefloro01,1974 Detroit Tigers,42,"$15,000.00"
lefloro01,1975 Detroit Tigers,8,"$16,000.00"
lefloro01,1976 Detroit Tigers,8,"$27,000.00"
lefloro01,1977 Detroit Tigers,8,"$73,250.00"
lefloro01,1978 Detroit Tigers,8,Undetermined
lefloro01,1979 Detroit Tigers,8,Undetermined
lefloro01,1980 Montreal Expos,7,Undetermined
lefloro01,1981 Chicago White Sox,8,Undetermined
lefloro01,1982 Chicago White Sox,8,Undetermined
storytr01,Team | Roster,Uniform Numbers,Salary
storytr01,2016 Colorado Rockies,27,"$507,500.00"
storytr01,2017 Colorado Rockies,27,"$540,000.00"
storytr01,2018 Colorado Rockies,27,"$555,000.00"
storytr01,2019 Colorado Rockies,27,"$5,000,000.00"
storytr01,2020 Colorado Rockies,27,"$3,330,000.00"
storytr01,2021 Colorado Rockies,27,"$17,500,000.00"
storytr01,2022 Boston Red Sox,10,"$20,000,000.00"
storytr01,2023 Boston Red Sox,10,"$20,000,000.00"
storytr01,2024 Boston Red Sox,10,"$22,500,000.00"
storytr01,2025 Boston Red Sox,10,"$22,500,000.00"
mayswi01,Team | Roster,Uniform Numbers,Salary
mayswi01,1951 New York Giants,"14, 24","$7,500.00"
mayswi01,1952 New York Giants,24,"$12,500.00"
mayswi01,1954 New York Giants,24,"$12,500.00"
mayswi01,1955 New York Giants,24,"$12,500.00"
mayswi01,1956 New York Giants,24,"$30,000.00"
mayswi01,1957 New York Giants,24,"$50,000.00"
mayswi01,1958 San Francisco Giants,24,"$50,000.00"
mayswi01,1959 San Francisco Giants,24,"$160,000.00"
mayswi01,1960 San Francisco Giants,24,"$150,000.00"
mayswi01,1961 San Francisco Giants,24,"$75,000.00"
mayswi01,1962 San Francisco Giants,24,"$75,000.00"
mayswi01,1963 San Francisco Giants,24,"$80,000.00"
mayswi01,1964 San Francisco Giants,24,"$85,000.00"
mayswi01,1965 San Francisco Giants,24,"$90,000.00"
mayswi01,1966 San Francisco Giants,24,"$105,000.00"
mayswi01,1967 San Francisco Giants,24,"$105,000.00"
mayswi01,1968 San Francisco Giants,24,"$105,000.00"
mayswi01,1969 San Francisco Giants,24,"$125,000.00"
mayswi01,1970 San Francisco Giants,24,"$125,000.00"
mayswi01,1971 San Francisco Giants,24,"$160,000.00"
mayswi01,1972 San Francisco Giants,24,"$165,000.00"
mayswi01,1972 New York Mets,24,"""     """
mayswi01,1973 New York Mets,24,"$165,000.00"
turnetr01,Team | Roster,Uniform Numbers,Salary
turnetr01,2015 Washington Nationals,7,"$507,500.00"
turnetr01,2016 Washington Nationals,7,"$519,000.00"
turnetr01,2017 Washington Nationals,7,"$554,900.00"
turnetr01,2018 Washington Nationals,7,"$577,200.00"
turnetr01,2019 Washington Nationals,7,"$3,725,000.00"
turnetr01,2020 Washington Nationals,7,"$2,756,500.00"
turnetr01,2021 Washington Nationals,7,"$13,000,000.00"
turnetr01,2021 Los Angeles Dodgers,6,"""     """
turnetr01,2022 Los Angeles Dodgers,6,"$21,000,000.00"
turnetr01,2023 Philadelphia Phillies,7,"$27,272,727.00"
turnetr01,2024 Philadelphia Phillies,7,"$27,272,727.00"
turnetr01,2025 Philadelphia Phillies,7,"$27,272,727.00"
taverfr01,Team | Roster,Uniform Numbers,Salary
taverfr01,1971 Pittsburgh Pirates,10,"$12,750.00"
taverfr01,1972 Pittsburgh Pirates,10,"$13,500.00"
taverfr01,1974 Pittsburgh Pirates,10,Undetermined
taverfr01,1975 Pittsburgh Pirates,10,Undetermined
taverfr01,1976 Pittsburgh Pirates,10,"$32,000.00"
taverfr01,1977 Pittsburgh Pirates,10,"$75,000.00"
taverfr01,1978 Pittsburgh Pirates,10,Undetermined
taverfr01,1979 Pittsburgh Pirates,10,Undetermined
taverfr01,1979 New York Mets,11,Undetermined
taverfr01,1980 New York Mets,11,"$195,000.00"
taverfr01,1981 New York Mets,11,"$195,000.00"
taverfr01,1982 Montreal Expos,11,"$195,000.00"
verasqu01,Team | Roster,Uniform Numbers,Salary
verasqu01,1995 Florida Marlins,3,"$109,000.00"
verasqu01,1996 Florida Marlins,3,"$230,000.00"
verasqu01,1997 San Diego Padres,4,"$310,000.00"
verasqu01,1998 San Diego Padres,4,"$1,100,000.00"
verasqu01,1999 San Diego Padres,4,"$2,110,000.00"
verasqu01,2000 Atlanta Braves,4,"$3,000,000.00"
verasqu01,2001 Atlanta Braves,4,"$3,900,000.00"
jethrsa01,Team | Roster,Uniform Numbers,Salary
jethrsa01,1950 Boston Braves,5,"$5,000.00"
jethrsa01,1951 Boston Braves,5,"$6,500.00"
jethrsa01,1952 Boston Braves,5,"$6,100.00"
jethrsa01,1954 Pittsburgh Pirates,20,"$5,500.00"
patekfr01,Team | Roster,Uniform Numbers,Salary
patekfr01,1968 Pittsburgh Pirates,2,Undetermined
patekfr01,1969 Pittsburgh Pirates,2,Undetermined
patekfr01,1970 Pittsburgh Pirates,2,Undetermined
patekfr01,1971 Kansas City Royals,"2, 37",Undetermined
patekfr01,1972 Kansas City Royals,37,Undetermined
patekfr01,1973 Kansas City Royals,37,"$40,000.00"
patekfr01,1974 Kansas City Royals,37,"$55,000.00"
patekfr01,1975 Kansas City Royals,2,"$65,000.00"
patekfr01,1976 Kansas City Royals,2,"$75,000.00"
patekfr01,1977 Kansas City Royals,2,"$135,000.00"
patekfr01,1978 Kansas City Royals,2,"$165,000.00"
patekfr01,1979 Kansas City Royals,2,"$200,000.00"
patekfr01,1980 California Angels,2,"$185,000.00"
patekfr01,1981 California Angels,2,"$185,000.00"
crosefr01,Team | Roster,Uniform Numbers,Salary
crosefr01,1932 New York Yankees,5,"$8,000.00"
crosefr01,1933 New York Yankees,5,"$7,500.00"
crosefr01,1934 New York Yankees,5,"$7,000.00"
crosefr01,1935 New York Yankees,5,"$10,000.00"
crosefr01,1936 New York Yankees,5,"$10,000.00"
crosefr01,1937 New York Yankees,1,"$13,000.00"
crosefr01,1938 New York Yankees,1,"$14,000.00"
crosefr01,1939 New York Yankees,1,"$15,000.00"
crosefr01,1940 New York Yankees,1,"$16,000.00"
crosefr01,1941 New York Yankees,1,"$12,000.00"
crosefr01,1942 New York Yankees,1,"$11,000.00"
crosefr01,1943 New York Yankees,1,"$11,000.00"
crosefr01,1944 New York Yankees,1,"$15,000.00"
crosefr01,1945 New York Yankees,2,"$15,000.00"
crosefr01,1946 New York Yankees,2,"$16,000.00"
crosefr01,1947 New York Yankees,2,"$16,000.00"
crosefr01,1948 New York Yankees,2,"$7,500.00"
